Date,Q_Total,Q_GM,Q_SM,Q_RA
2018-01-01,339.48879158081394,128.94566666666668,188.15480541116648,22.388319502980742
2018-01-02,347.19121757944,125.1584540338761,189.59774268874924,32.43502085681465
2018-01-03,411.45840959009684,123.71569981227776,222.4679080610985,65.27480171672056
2018-01-04,475.73423110998766,125.51913570971368,271.7393888333555,78.47570656691848
2018-01-05,1651.2876454086625,148.60312070054277,889.9962079048275,612.6883168032921
2018-01-06,976.8235411905339,191.16420512820514,492.5448302053582,293.1145058569705
2018-01-07,1428.8997065061503,205.5916923076923,331.6323568739271,891.6756573245308
2018-01-08,1657.6158571924389,216.4123076923077,329.4857670945691,1111.717782405562
2018-01-09,918.450188811438,225.42948717948718,301.5924126090541,391.4282890228967
2018-01-10,600.3956197393173,221.82261538461535,249.09709129176684,129.47591306293512
2018-01-11,504.08089543085947,207.3951282051282,216.94234471970395,79.74342250602736
2018-01-12,462.74682798430877,194.77107692307692,207.51740461710426,60.458346444127564
2018-01-13,583.3288887815569,187.55733333333336,255.65202727032073,140.11952817790277
2018-01-14,711.0355738065041,196.57451282051284,437.95062131443296,76.51043967155839
2018-01-15,841.3772788577703,227.2329230769231,559.6526000546951,54.49175572615197
2018-01-16,1477.5598230083044,286.7463076923077,859.9681860673201,330.8453292486768
2018-01-17,1823.7214817836582,358.88374358974363,828.2865626115467,636.5511755823682
2018-01-18,1743.2469949581475,412.98682051282054,727.0524328261988,603.2077416191281
2018-01-19,1140.4204715217477,409.37994871794876,385.1253650917635,345.9151577120356
2018-01-20,1869.363433602077,384.13184615384614,388.8659252220453,1096.3656622261856
2018-01-21,1457.281832241566,375.1146666666667,393.52082656379406,688.6463390111054
2018-01-22,1621.3654850148441,364.29405128205127,331.5130732873613,925.5583604454315
2018-01-23,1093.7141937366337,344.4562564102564,280.64356226509426,468.6143750612828
2018-01-24,1217.47411944316,326.42189743589745,296.2657289805587,594.7864930267037
2018-01-25,901.909735113888,310.19097435897436,259.94116997210944,331.7775907828042
2018-01-26,947.3385153625551,288.54974358974357,230.29079673232928,428.49797504048234
2018-01-27,622.2741890491636,263.30164102564106,206.14197799808048,152.83057002544206
2018-01-28,982.6498530816259,247.07071794871797,248.93005417666592,486.6490809562421
2018-01-29,1936.3621416326653,268.71194871794876,615.3438283279437,1052.3063645867728
2018-01-30,1550.43202272381,313.79784615384614,465.5139858378441,771.1201907321195
2018-01-31,1281.1932323979297,317.404717948718,283.6964174828792,680.0920969663324
2018-02-01,876.96160590197,301.1737948717949,240.30806344862629,335.4797475815488
2018-02-02,2144.285707318075,297.5669230769231,377.00420539697234,1469.7145788441792
2018-02-03,2022.44213194773,344.4562564102564,559.9389154489568,1118.046960088517
2018-02-04,4095.628613253366,488.73112820512824,1025.5992302605296,2581.298254787708
2018-02-05,2403.6390394710193,625.7922564102564,669.6161401011333,1108.2306429596297
2018-02-06,1472.724865966029,600.5441538461538,407.0282854788535,465.15242664102186
2018-02-07,2928.443774214554,622.1853846153847,756.46460854376,1549.7937810554092
2018-02-08,3463.8697048054523,876.4698461538462,1194.6021634381425,1392.7976952134634
2018-02-09,1563.4789736022226,860.2389230769231,555.2292313044077,148.0108192208917
2018-02-10,1170.9005012555483,732.1949743589744,369.8695343961393,68.83599250043476
2018-02-11,965.3654996202715,616.775076923077,303.65994558765624,44.93047710953833
2018-02-12,814.8365002573652,519.3895384615386,266.7589303966299,28.68803139919683
2018-02-13,1111.8536670089113,449.0555384615385,255.8631820590793,406.9349464882934
2018-02-14,907.32779138414935,398.5593333333333,233.5587396615765,275.2097183892394
2018-02-15,647.2083857047332,351.6700000000001,213.66321088154757,81.87517482318553
2018-02-16,643.9212947069145,315.60128205128206,204.5800458238714,123.73996683176104
2018-02-17,607.7084962945883,286.7463076923077,200.26303967078735,120.69914893149306
2018-02-18,519.1512166491215,259.6947692307693,180.3794645297807,79.07698288857142
2018-02-19,433.90607092150316,232.6432307692308,166.7766050060975,34.48623514617487
2018-02-20,397.3265899809533,212.80543589743587,161.62881392168507,22.892340161832337
2018-02-21,372.44032133868336,196.57451282051284,157.96375329119928,17.90205522697118
2018-02-22,349.25349050155063,182.14702564102564,152.22368380716577,14.882781053359226
2018-02-23,374.37916228067314,172.76916447800855,151.0788463432377,50.5311514594269
2018-02-24,538.230084536444,168.8015972481752,148.50693429925735,220.92155298901136
2018-02-25,587.5801926295413,168.08022013737607,149.07139636232586,270.42857612983937
2018-02-26,486.18132882616464,161.22717198259403,142.63964568138465,182.31451116218597
2018-02-27,622.335262358861,155.27582801740598,141.3834986683735,325.67593567308154
2018-02-28,775.1723699163877,150.94757911173505,142.96557640782805,481.2592143968246
2018-03-01,496.32522417964634,151.849297060453,146.67434149096167,197.80158562823166
2018-03-02,361.94146542801474,141.56971794871794,142.56008827277907,77.81165920651772
2018-03-03,309.97213629911016,133.99529268313677,133.40539203860965,42.57145157736369
2018-03-04,286.62858631933847,128.94566666666668,130.6943556633626,26.988563989309146
2018-03-05,274.63761061679736,126.60119449635044,126.80668522266966,21.22973089777723
2018-03-06,264.0042606863933,120.46952345236753,125.06955897182854,18.46517826219721
2018-03-07,260.4908399893373,116.68229706045301,124.12346893701192,19.68507399187237
2018-03-08,283.062331581611,113.61646153846155,130.40811505085392,39.037754992295504
2018-03-09,300.14512454825086,111.99336647894447,134.53427280303882,53.61748526626753
2018-03-10,282.3590021427554,109.46856035027146,126.15870449785638,46.731737294627564
2018-03-11,301.93434955170943,106.76340650411761,130.3126883104608,64.85825473713098
2018-03-12,458.8087335365653,105.86168855539967,161.73990690887865,191.20713807228697
2018-03-13,656.6613784628934,111.99336647894447,253.40596190220083,291.2620500817481
2018-03-14,608.727595675956,123.53535897435899,295.5341939658831,189.6580427357138
2018-03-15,443.0267359711556,130.74910256410257,232.58435483357226,79.69327857348073
2018-03-16,370.8996339048482,130.56876172618377,188.8422643320045,51.48860784665994
2018-03-17,352.6899611283082,135.61837398352992,177.37010118330772,39.70148596147053
2018-03-18,345.235924063987,133.27391557233761,175.08443947570225,36.87756901594705
2018-03-19,356.73985041755867,135.79872858057263,184.6883229901636,36.252798846822444
2018-03-20,379.5649505149364,137.78250531592735,184.80760657672946,56.974838622279584
2018-03-21,395.75460764757463,138.32352782968377,182.3311272439737,75.09995257391721
2018-03-22,509.21577878041194,140.84834083791878,200.54906770196044,167.8183702405328
2018-03-23,434.42915716290764,139.2252457784017,179.4730210388023,115.73089034570363
2018-03-24,369.61696163541336,140.1269637271197,162.83716383606492,66.6528340722287
2018-03-25,988.9408630795373,136.15941025641024,155.38779306227605,697.393659760851
2018-03-26,1927.4259946402053,136.52009193224788,175.37068008821092,1615.5352226197465
2018-03-27,1934.3131199823001,173.31018699176497,253.167739802582,1507.835193187953
2018-03-28,661.1058608278413,194.77107692307692,233.4949431651646,232.8398407395999
2018-03-29,1463.3808939030694,198.37794871794873,239.79946299812238,1025.2034821869984
2018-03-30,1620.9228599796572,214.6088717948718,347.0002811090192,1059.3137070757662
2018-03-31,625.8330348621888,212.80543589743587,252.55961355896295,160.46798540579002
2018-04-01,566.8293626634583,214.6088717948718,225.2068638353075,127.01362703327896
2018-04-02,509.8983047749365,203.7882564102564,192.52345598063312,113.58659238404698
2018-04-03,953.2604664827692,200.18138461538462,185.0303426998942,568.0487391674902
2018-04-04,575.5613674438131,187.55733333333336,183.2256170959301,204.7784170145497
2018-04-05,1130.955650577077,175.47431832416237,343.9671203895571,611.5142118633576
2018-04-06,1650.2643344821668,191.16420512820514,543.6170039135952,915.4831254403662
2018-04-07,1055.917496269779,205.5916923076923,499.58073548948676,350.74506847259994
2018-04-08,875.0098934544517,221.82261538461535,466.78210548257346,186.40517258726265
2018-04-09,1095.2040998615623,232.6432307692308,547.361600969713,315.19926812261855
2018-04-10,1254.0872375612346,250.67758974358975,627.6192328582686,375.79041495937633
2018-04-11,1557.7351361093981,238.05353846153844,589.6650069490885,730.0165906987713
2018-04-12,904.8564003124062,245.26728205128205,404.00352594982274,255.5855923113015
2018-04-13,1644.8515649029453,241.66041025641027,411.5959931503454,991.5951614961893
2018-04-14,1460.8853157342373,252.4810256410256,458.83226582037787,749.5720242728339
2018-04-15,836.180568829293,252.4810256410256,329.8478969689456,253.85164621932176
2018-04-16,627.3001834493634,239.85697435897436,284.41237693559503,103.03083215479406
2018-04-17,617.4662112588661,227.2329230769231,289.2579961572146,100.97529202472847
2018-04-18,642.0380096396578,216.4123076923077,266.3414578659382,159.28424408141203
2018-04-19,973.9297508119797,203.7882564102564,262.27095333392595,507.8705410677974
2018-04-20,1649.76351889031,198.37794871794873,382.95133569692905,1068.4342344754325
2018-04-21,1765.4182365954105,201.9848205128205,503.44891092241716,1059.9845051601728
2018-04-22,702.8636831006424,205.5916923076923,327.91598740422427,169.35600338872592
2018-04-23,589.0708925893842,198.37794871794873,302.4991582668747,88.1937856045609
2018-04-24,657.1210512416516,198.37794871794873,389.3355447672453,69.40755775645748
2018-04-25,839.9281474963427,209.1985641025641,558.4330468040571,72.29653658972141
2018-04-26,1117.5223677138295,247.07071794871797,796.0975675144483,74.35408225066318
2018-04-27,1421.3798100821182,322.8150256410256,1023.8327681352655,74.73201630582724
2018-04-28,1562.4242956349208,418.3971282051282,1078.3723194867953,65.65484794299721
2018-04-29,1460.214358423662,461.67958974358976,953.8328521565036,44.70191652356868
2018-04-30,1385.747954362315,465.2864615384616,890.8987991772126,29.56269364664128
2018-05-01,1406.5016673126063,470.6967692307692,911.585352181824,24.219545900013284
2018-05-02,1522.0459336133704,476.1070769230769,1018.2299738382958,27.708882851997448
2018-05-03,1818.864860695534,513.9792307692308,1268.345109722156,36.54052020414753
2018-05-04,2033.2351002186676,580.7063589743591,1414.5110252896475,38.01771595466146
2018-05-05,2004.2749572116936,616.775076923077,1348.2862079829938,39.213672305622886
2018-05-06,2244.0720406272553,658.2541025641026,1534.958292891618,50.859645171534495
2018-05-07,2526.346368228597,739.408717948718,1734.4307960632864,52.50685421659248
2018-05-08,2655.753604339146,820.5633333333334,1790.5601096299988,44.630161375813415
2018-05-09,3209.651377280413,889.0938974358974,2181.512395664632,139.04508417988373
2018-05-10,2920.3243513496495,952.2141538461537,1853.207647061042,114.90255044245407
2018-05-11,2536.3781207138168,896.3076410256411,1580.7125679530316,59.35791173514389
2018-05-12,2558.328678707197,851.2217435897435,1662.3612319073761,44.74570321007732
2018-05-13,2792.6713596720933,874.6664102564102,1879.800770270211,38.20417914547184
2018-05-14,2975.8750544973836,941.3935384615384,2004.8188613429675,29.662654692877613
2018-05-15,3130.344339196168,1026.1550256410258,2081.380292577614,22.809020977528082
2018-05-16,3145.3755444888475,1080.2581025641025,2047.5920778024802,17.52536412226547
2018-05-17,3005.9365746323433,1080.2581025641025,1913.3124184575786,12.366053610662217
2018-05-18,2952.1228059060472,1056.813435897436,1885.009191847388,10.300178161223155
2018-05-19,3040.3384170787667,1073.044358974359,1958.270760119533,9.023297984874231
2018-05-20,3167.8117543132084,1103.7027692307693,2054.9070906990182,9.201894383420667
2018-05-21,2844.233190481957,1058.6168717948717,1777.1651654365246,8.451153250560694
2018-05-22,2703.347733273841,986.4794358974359,1709.3480482071736,7.520249169231501
2018-05-23,2855.6451730745976,986.4794358974359,1861.8337350790448,7.332002098116736
2018-05-24,2960.2472469588333,1029.7618974358975,1923.448887136043,7.036462386893304
2018-05-25,2633.7104569331937,1011.7275384615384,1615.4166427656028,6.5662757060521395
2018-05-26,2226.034486817524,910.7351282051284,1298.8925804507912,16.40677816160412
2018-05-27,2613.6834898346024,827.777076923077,1272.8943977199128,513.0120151916127
2018-05-28,2783.5611859433457,804.3324102564102,1413.3190211734127,565.9097545135223
2018-05-29,2010.614769409072,768.2636923076923,1155.611885949982,86.73919115139742
2018-05-30,1670.985654281832,688.9125128205128,933.362526473153,48.71061498816621
2018-05-31,1513.4969350672773,613.168205128205,867.7328635529768,32.59586638609541
2018-06-01,1783.5080800123646,568.0823076923077,942.098800769434,273.326971550623
2018-06-02,2016.2418623983672,562.672,1102.8998136614246,350.67004873694293
2018-06-03,1831.0789089501868,564.4754358974359,1181.6467926074815,84.95668044526951
2018-06-04,1821.1095059060178,566.2788717948717,1007.070349874362,247.76028423678378
2018-06-05,1673.3332250216083,541.0307692307692,885.0376914266571,247.26476436418238
2018-06-06,2070.060511602395,521.1929743589744,1016.7471169578624,532.1204202855579
2018-06-07,2998.9206279044042,582.5097948717948,1514.0443747028462,902.3664583297633
2018-06-08,3156.7007168546343,723.177794871795,2060.6242280375645,372.89869394527506
2018-06-09,2306.4813189085844,775.477435897436,1322.8964057361459,208.1074772750025
2018-06-10,1836.021376928892,721.374358974359,983.083088617052,131.56392933748114
2018-06-11,1556.6073920636811,647.4334871794872,828.9505838757909,80.22332100840295
2018-06-12,1376.6957491259539,577.0994871794871,755.6116495849287,43.984612361537856
2018-06-13,1515.8137999169599,530.2101538461538,847.9043704677115,137.6992756030945
2018-06-14,1440.972517494551,528.406717948718,850.9265478829941,61.63925166283906
2018-06-15,1443.3285875395363,532.0135897435897,869.1132397667677,42.201758029178905
2018-06-16,1544.8360414903646,555.4582564102564,965.1844759038195,24.193309176288746
2018-06-17,1779.4145515088544,609.5613333333333,1153.0545652114215,16.79865296409987
2018-06-18,2143.278711692476,712.3571794871796,1418.4370653513033,12.48446685399365
2018-06-19,2566.92466878334,885.4870256410256,1671.094638147607,10.343004994707421
2018-06-20,2910.493642267401,1091.078717948718,1810.9085605269438,8.50636379173912
2018-06-21,3028.9297746582333,1217.3192307692307,1803.95894103536,7.651602853643188
2018-06-22,2883.2358806866982,1224.5329743589746,1651.4483818402077,7.254524487515798
2018-06-23,2598.477166247322,1128.9508717948718,1462.4937020454117,7.03259240703895
2018-06-24,2573.6469194539386,1062.2237435897437,1502.3889349012584,9.034240962936956
2018-06-25,2620.1833042752796,1064.0271794871794,1525.7623560429984,30.393768745102385
2018-06-26,2231.7802788884455,1002.710358974359,1197.9078384402198,31.162081473866774
2018-06-27,1924.7427713940597,887.2904615384614,1021.3147329265676,16.137576929030686
2018-06-28,1688.9659815416408,771.8705641025641,904.8706603542421,12.224757084834408
2018-06-29,1886.253224555674,706.9468717948719,991.6232040857266,187.68314867507553
2018-06-30,2566.627193977582,735.8018461538461,1368.0617342524827,462.7636135712533
2018-07-01,2307.5502617086963,815.1530256410256,1268.3811079434906,224.01612812418023
2018-07-02,1970.8340464796397,820.5633333333334,1060.871257551934,89.39945559437227
2018-07-03,1745.9304189723655,755.639641025641,942.0706328954703,48.220145051254036
2018-07-04,1715.6169524615275,714.1606153846153,975.6994166865993,25.756920390312718
2018-07-05,1897.5897077368184,728.5881025641025,1151.3342136994793,17.66739147323658
2018-07-06,2574.1763298339315,878.273282051282,1444.378960856969,251.5240869256809
2018-07-07,2941.2611265502605,1027.9584615384615,1374.4583176986298,538.8443473131699
2018-07-08,2329.5715042122238,986.4794358974359,1208.4562991464647,134.63576916832346
2018-07-09,2142.957994396109,932.3763589743589,1153.9649977496272,56.616637672122614
2018-07-10,2171.047187363305,905.3248205128206,1235.1739480541348,30.548418796349665
2018-07-11,2072.6848012994687,883.6835897435897,1167.8075085453356,21.193703010543555
2018-07-12,2043.5346804106355,853.0251794871795,1174.0300181910145,16.479482732441408
2018-07-13,1982.0509981071723,824.1702051282051,1145.7720748069564,12.10871817201064
2018-07-14,1875.728509356266,786.2980512820513,1079.7390229468538,9.691435127360808
2018-07-15,1783.2139246058307,746.6224615384615,1028.6961391763653,7.895323891003906
2018-07-16,1804.7322542843006,733.9984102564104,1063.6463550840504,7.087488943839735
2018-07-17,1961.80233915517,753.8362051282052,1201.4052725639647,6.560861463000144
2018-07-18,2051.3167633590915,791.708358974359,1253.19023442623,6.418169958502281
2018-07-19,1944.0600911857916,797.1186666666666,1140.87957726673,6.061847252395038
2018-07-20,1733.8310617746254,755.639641025641,972.2865264305914,5.9048943183929
2018-07-21,1547.9143249424803,697.9296923076923,843.5304434464606,6.454189188327378
2018-07-22,1551.4279455840824,665.4678461538462,879.548903991436,6.411195438800206
2018-07-23,1696.551250411891,676.2884615384617,1014.3706923993814,5.892096474048067
2018-07-24,1773.8811235565513,701.5365641025642,1067.2258262331575,5.118733220829914
2018-07-25,1753.5706907469219,710.5537435897436,1038.2310434849057,4.785903672272821
2018-07-26,1788.0970012219664,724.9812307692307,1058.5993091828161,4.516461269919265
2018-07-27,1840.950614540512,744.8190256410257,1091.8335346337733,4.298054265713023
2018-07-28,1862.5723483937586,757.443076923077,1101.058420697229,4.070850773452921
2018-07-29,1964.1964945033187,780.8877435897436,1179.4584241749856,3.850326738589195
2018-07-30,2065.549272276549,818.7598974358975,1242.983927534958,3.8054473056931575
2018-07-31,1784.8505805226164,840.4011282051283,940.5986564325428,3.850795884945193
2018-08-01,2060.2454712775357,840.4011282051283,1215.8202446727425,4.024098399665013
2018-08-02,1936.2799887182111,811.5461538461539,1120.7195951231304,4.01423974892708
2018-08-03,1784.097566984577,775.477435897436,1004.7846853348351,3.835445752306284
2018-08-04,1642.024200223016,717.7674871794873,920.2888642769907,3.9678487665378253
2018-08-05,1629.0081442298563,685.3056410256411,939.7158511180947,3.9866520861201624
2018-08-06,1664.9096841906135,674.4850256410257,986.6849019246099,3.739756624977665
2018-08-07,1705.047015947897,679.8953333333334,1021.3652369921798,3.7864456223839644
2018-08-08,1755.511518878437,685.3056410256411,1066.3644674199536,3.841410432842458
2018-08-09,1869.124214372544,712.3571794871796,1152.7772575430454,3.989777342318687
2018-08-10,1908.3828577362099,743.0155897435898,1161.2758376580027,4.091430334617434
2018-08-11,1948.5446239881492,759.2465128205129,1185.013380592693,4.284730574943458
2018-08-12,1619.2591433763844,737.6052820512821,877.3640008716027,4.289860453499935
2018-08-13,1509.3737973211953,688.9125128205128,816.3170979067672,4.144186593915294
2018-08-14,1556.388093201102,654.6472307692308,897.5701975632882,4.170664868583356
2018-08-15,1616.934844712227,649.2369230769232,963.347308979227,4.350612656076817
2018-08-16,1629.4834716422101,645.6300512820512,979.2539399713366,4.5994803888223315
2018-08-17,1632.668176619271,649.2369230769232,978.6368060314381,4.794447510909851
2018-08-18,1521.2538275368306,627.5956923076923,888.7060552740322,4.9520799551062025
2018-08-19,1415.4253672640414,600.5441538461538,809.8016388495553,5.07957456833256
2018-08-20,1401.0695212129162,582.5097948717948,813.4378222821995,5.121904058922024
2018-08-21,1375.11418916902,564.4754358974359,805.4892614173359,5.149491854248016
2018-08-22,1331.1449721179204,542.8342051282052,783.1582309426371,5.15253604707804
2018-08-23,1321.2542000375392,530.2101538461538,785.7231100715362,5.320936119849299
2018-08-24,1197.2662084237436,497.74830769230766,694.1561652161947,5.3617355152413495
2018-08-25,1168.476313629994,481.5173846153847,681.9367418276738,5.022187186935448
2018-08-26,1206.9106660822836,477.91051282051274,724.7553420753518,4.244811186419441
2018-08-27,1150.2626591968724,465.2864615384616,681.0765116487478,3.8996860096629775
2018-08-28,1154.5013206840517,450.85897435897436,699.9323727576334,3.7099735674438343
2018-08-29,1359.1752246884334,474.303641025641,840.7530568905413,44.118526772251116
2018-08-30,1288.7714191321518,499.55174358974364,757.8547930868576,31.364882455550664
2018-08-31,1146.905310646775,477.91051282051274,655.3892610281273,13.605536798135
2018-09-01,1086.808515635606,450.85897435897436,616.2275104656809,19.7220308109508
2018-09-02,1262.7798589901624,445.44866666666667,632.155312325785,185.17587999771075
2018-09-03,1156.114176820507,456.26928205128206,621.3809125471979,78.46398222202735
2018-09-04,981.5620508453702,425.61087179487174,520.2614293376589,35.68974971283947
2018-09-05,913.6760481422868,391.3455897435897,504.16406622756233,18.166392171134788
2018-09-06,892.5373236713814,367.90092307692305,512.9511868756905,11.685213718767871
2018-09-07,1379.2526691655632,376.9181025641026,713.1154970927097,289.21906950875075
2018-09-08,2295.3252537420713,467.08989743589746,1208.7058885361585,619.5294677700153
2018-09-09,2816.050583661932,568.0823076923077,1548.7614984933734,699.2067774762512
2018-09-10,3509.9533797162558,717.7674871794873,1533.5091569271713,1258.6767356095968
2018-09-11,2905.7854444484415,820.5633333333334,1257.8197924831127,827.4023186319946
2018-09-12,1625.7036085322757,732.1949743589744,744.133606655545,149.37502751775628
2018-09-13,1338.8649738968732,636.6128717948718,632.5478319811392,69.7042701208621
2018-09-14,1143.9885274227365,548.2445128205129,554.5349991995799,41.20901540264366
2018-09-15,1284.4348607383683,504.9620512820512,717.653899392981,61.81891006333619
2018-09-16,1255.249927156596,470.6967692307692,726.067205671078,58.48595225474875
2018-09-17,1013.3774126162051,420.20056410256416,560.0044379440305,33.172410569610385
2018-09-18,848.8074309939169,373.31123076923075,443.03279103728016,32.46340918740603
2018-09-19,1113.8359755667545,348.06312820512824,523.4413549270446,242.3314924345818
2018-09-20,950.3036148305393,339.0459487179487,528.0936531812915,83.16401293129917
2018-09-21,2006.206142852139,353.47343589743593,1474.8600425970487,177.8726643576541
2018-09-22,1608.9175292968046,440.03835897435897,956.4467206258291,212.43244969661654
2018-09-23,1154.9390601181062,432.8246153846154,644.1487412933642,77.96570344012673
2018-09-24,962.1165130156686,396.75589743589745,506.976403457391,58.38421212238011
2018-09-25,866.8159189366995,364.29405128205127,462.9826660590373,39.5392015956109
2018-09-26,788.9837408489418,331.83220512820515,430.2563704900993,26.895165230637197
2018-09-27,815.613727230325,311.9944102564103,483.4410811773737,20.17823579654101
2018-09-28,866.0725451681504,308.3875384615385,540.7310373444755,16.95396936213644
2018-09-29,836.8206579771327,301.1737948717949,521.8877334360262,13.759129669311626
2018-09-30,917.5261033349354,277.7291282051282,628.2756025375359,11.521372592271312
2018-10-01,1014.3839322288538,266.90851282051284,736.9229433034922,10.552476104848761
2018-10-02,775.3709918933964,252.4810256410256,513.7471911560854,9.142775096285455
2018-10-03,620.5333481343661,229.03635897435896,383.54352737984186,7.9534617801651954
2018-10-04,531.9021569535774,205.5916923076923,318.83550780300584,7.474956842879457
2018-10-05,476.4541944725957,185.75389743589744,283.56839250907916,7.131904527619042
2018-10-06,435.5388284887715,169.34263352105557,259.26341175301445,6.932783214701598
2018-10-07,1193.2494769206712,166.8178205128205,524.411668413014,502.0199879948364
2018-10-08,2118.573930079966,243.4638461538462,863.567976110053,1011.5421078160668
2018-10-09,966.7012476251477,293.96005128205127,512.9593310453753,159.78186529772114
2018-10-10,766.6473938372211,295.7634871794872,404.4878195559679,66.39608710176606
2018-10-11,663.3797803845642,274.12225641025645,350.8622060452094,38.3953179290983
2018-10-12,787.8991436393228,266.90851282051284,392.02091876581625,128.96971205299377
2018-10-13,677.5529859870284,263.30164102564106,358.41541024926914,55.83593471211814
2018-10-14,589.1276270094944,241.66041025641027,315.6188904258374,31.848326327246745
2018-10-15,534.4315050239453,221.82261538461535,291.5263521977679,21.082537441562152
2018-10-16,500.6950239099467,203.7882564102564,280.45294789504163,16.45381960464862
2018-10-17,485.6082657048531,191.16420512820514,280.85317362584533,13.590886950802684
2018-10-18,413.2473865100764,180.34358974358975,221.08522279244409,11.81857397404256
2018-10-19,455.2470222160063,170.96572858057266,273.63662651843316,10.644667117000493
2018-10-20,475.55175941979826,168.44091557233762,274.0261920277317,33.08465181972894
2018-10-21,439.123542771332,162.8502670421111,255.85897394209383,20.414301787127034
2018-10-22,401.6462757042172,152.39033333333333,234.73846990724834,14.517472463635599
2018-10-23,379.5423844148769,143.73383552199147,223.67828612313315,12.130262769752347
2018-10-24,453.8824302778974,138.32352782968377,276.2294570546899,39.32944539352379
2018-10-25,805.9069618066729,149.32449781134187,542.0778537889979,114.5046102063333
2018-10-26,1664.2229409759477,192.96764102564103,935.9932540565056,535.2620458938012
2018-10-27,1191.2049862954334,266.90851282051284,713.0544229350114,211.24205053990903
2018-10-28,2338.864305984615,306.5841025641025,997.2884689163235,1034.9917345041888
2018-10-29,1850.9316590463782,344.4562564102564,820.8783477596132,685.5970548765085
2018-10-30,1370.5953741498172,353.47343589743593,645.6921224467367,371.4298158056446
2018-10-31,1556.4957327697941,385.93528205128206,906.8710453589191,263.68940535959314
2018-11-01,3583.310952917116,524.7998461538461,2013.7795759564767,1044.731530806793
2018-11-02,4292.209124041427,1204.6951794871795,2374.419719850292,713.0942247039551
2018-11-03,5679.674374661212,1385.0387692307693,2250.5611351986317,2044.0744702318098
2018-11-04,4973.757388893285,1839.5046153846156,2269.514237974293,864.7385355343772
2018-11-05,4074.5340285898096,1711.4606666666668,1714.2356262009762,648.8377357221666
2018-11-06,2858.514564682647,1448.1590256410254,1170.995693390424,239.35984565119728
2018-11-07,2001.0281762817865,1119.9336923076924,787.1375707519653,93.95691322212872
2018-11-08,1591.4494887547542,862.042358974359,666.6478429737045,62.75928680669061
2018-11-09,1800.7932461946052,717.7674871794873,769.5674499686604,313.4583090464575
2018-11-10,1382.8738567747464,622.1853846153847,650.6239981189735,110.06447404038809
2018-11-11,1150.4583560250337,521.1929743589744,565.0039618608441,64.26141980521525
2018-11-12,994.8777148374556,440.03835897435897,512.309775911709,42.52957995138769
2018-11-13,936.8755639485302,380.52497435897436,525.4355528287222,30.915036760833658
2018-11-14,1792.845357153942,422.004,1248.7308290908566,122.11052806308543
2018-11-15,3611.8183366278886,541.0307692307692,1242.8599455536294,1827.9276218434893
2018-11-16,1667.7506984595927,618.5785128205129,801.5432913915536,247.62889424752666
2018-11-17,1218.2092509206573,555.4582564102564,578.2968447038807,84.45414980652043
2018-11-18,1027.7633202509326,477.91051282051274,498.4645779368381,51.38822949358186
2018-11-19,921.3168905985084,414.7902564102564,471.9266253022637,34.60000888598826
2018-11-20,849.5863815779335,364.29405128205127,459.9574866075662,25.33484368831598
2018-11-21,892.3303412840073,324.6184615384616,515.0802869206276,52.631592824918165
2018-11-22,818.9783582320507,302.9772307692308,451.7010773387513,64.30005012406869
2018-11-23,1120.4878253233587,279.5325641025641,456.2565024283126,384.69875879248207
2018-11-24,820.2751437889528,254.28446153846156,423.61679106517846,142.37389118531274
2018-11-25,920.9630963609978,241.66041025641027,513.601331656401,165.7013544481864
2018-11-26,2793.948267488472,357.08030769230766,1531.4286228710769,905.4393369250876
2018-11-27,3613.9368340180254,647.4334871794872,1751.713762324433,1214.7895845141047
2018-11-28,2634.734629637908,804.3324102564102,1068.201387760157,762.200831621341
2018-11-29,1501.0576176126842,724.9812307692307,582.9396280393485,193.13675880410517
2018-11-30,1109.9624889317972,607.7578974358975,416.6924006137871,85.51219088211268
2018-12-01,923.6133639615296,508.5689230769231,359.8681073543428,55.17633353026378
2018-12-02,771.1617522741439,425.61087179487174,307.96899536910337,37.581885110168784
2018-12-03,646.0879359948154,360.6871794871795,260.11647931098116,25.2842771966548
2018-12-04,551.6410572062011,308.3875384615385,224.16948263188078,19.084036112781973
2018-12-05,483.41128588016204,265.1050769230769,203.10133920500604,15.204869752079125
2018-12-06,436.7628090704278,234.44666666666666,189.98342348942037,12.332718914340846
2018-12-07,394.4855066258704,205.5916923076923,177.81557695515457,11.078237363023558
2018-12-08,384.4409887271676,187.55733333333336,180.5345541850799,16.34910120875433
2018-12-09,619.9891302691022,175.29396372711966,277.45964148666246,167.23552505532007
2018-12-10,706.9530015992086,176.55637711079913,331.95444426317385,198.44218022523555
2018-12-11,1600.6815242599496,192.96764102564103,509.33582461404524,898.3780586202635
2018-12-12,1837.104829165361,225.42948717948718,379.60016654891285,1232.075175436961
2018-12-13,1369.4310869584472,263.30164102564106,459.4323625147558,646.6970834180502
2018-12-14,3546.5516818871247,416.5936923076923,1425.7578496480323,1704.2001399314001
2018-12-15,1907.4758065769597,571.6891794871794,651.279172208013,684.5074548817672
2018-12-16,2694.605370147979,542.8342051282052,629.6943200190873,1522.0768450006874
2018-12-17,2491.702333447262,535.6204615384615,658.3866916198846,1297.6951802889155
2018-12-18,3001.951647742999,533.8170256410257,727.1878929912815,1740.9467291106916
2018-12-19,2041.8803598959596,522.9964102564103,579.1905532880638,939.6933963514856
2018-12-20,2028.4617300547704,490.5345641025641,637.7479281389241,900.1792378132822
2018-12-21,1141.4226418070418,445.44866666666667,423.3304493805381,272.64352575983713
2018-12-22,1009.0909062355552,389.54215384615384,296.9894578505293,322.5592945388721
2018-12-23,3706.2979174689253,351.6700000000001,417.8764981766098,2936.7514192923154
2018-12-24,1576.6420976099541,330.0287692307692,345.3704639813576,901.2428643978274
2018-12-25,766.0896203481335,299.37035897435896,258.2161234457287,208.50313792804585
2018-12-26,795.4206186279952,272.3188205128205,231.8014762425045,291.30032187267017
2018-12-27,564.6919736648106,245.26728205128205,204.03530990669043,115.38938170683814
2018-12-28,890.1665124952439,230.83979487179488,230.9785932206088,428.34812440284037
2018-12-29,4448.362694020181,378.7215384615385,942.0629153234424,3127.5782402352
2018-12-30,1337.0132331216553,497.74830769230766,504.83286305455215,334.43206237479546
2018-12-31,877.4886984861226,461.67958974358976,302.9009287142586,112.90818002827432
2019-01-01,766.4440813635254,412.98682051282054,264.26670914437665,89.19055170632815
2019-01-02,1826.9082888549638,432.8246153846154,466.5205961830726,927.5630772872759
2019-01-03,2331.0755627700255,522.9964102564103,751.4964494829949,1056.582703030621
2019-01-04,1951.2138118481168,587.9201025641025,831.1575878158044,532.13612146821
2019-01-05,2094.766604788005,580.7063589743591,664.5844833936699,849.4757624199763
2019-01-06,1788.3281544144575,537.4238974358975,577.7242349672395,673.1800220113203
2019-01-07,984.4197663896055,477.91051282051274,331.1877816317757,175.32147193731703
2019-01-08,771.402974298908,411.1833846153846,266.0474947233996,94.17209496012377
2019-01-09,1287.5958623701117,364.29405128205127,378.01835159514644,545.2834594929141
2019-01-10,1931.1942001981602,351.6700000000001,753.8252294304451,825.6989707677149
2019-01-11,2120.771945466329,360.6871794871795,739.4432355710368,1020.6415304081124
2019-01-12,1484.206155534277,387.738717948718,673.3411613969051,423.12627618865383
2019-01-13,1297.1255498068524,400.36276923076923,616.9463029317072,279.81647764437577
2019-01-14,1010.8802715995067,394.95246153846153,513.9829972465442,101.9448128145011
2019-01-15,817.9049949666446,376.9181025641026,377.1040156910841,63.88287671145786
2019-01-16,685.2914803361299,344.4562564102564,296.98959299640933,43.84563092946413
2019-01-17,604.2382322131909,308.3875384615385,261.69851700585684,34.152176745795465
2019-01-18,1128.6466290065841,283.1394358974359,364.23645443011577,481.27073867903283
2019-01-19,2688.9278783932587,277.7291282051282,617.3833856826197,1793.8153645055106
2019-01-20,1022.9638049447484,290.35317948717955,393.12352770126626,339.48709775630266
2019-01-21,655.9024313415849,274.12225641025645,262.65241318537915,119.12776174594936
2019-01-22,719.2072665887503,256.08789743589745,235.5063559535851,227.61301319926764
2019-01-23,606.7990396226209,239.85697435897436,248.02793005333484,118.91413521031161
2019-01-24,509.0690594612146,221.82261538461535,212.84021834072558,74.40622573587362
2019-01-25,456.6326807112479,205.5916923076923,192.97656469700306,58.064423706552446
2019-01-26,434.11522648594683,191.16420512820514,184.82758026864403,58.12344108909763
2019-01-27,474.0686808273228,183.95046153846152,195.68760880583963,94.43061048302164
2019-01-28,420.64405837104266,175.6546591620812,187.47899796250795,57.510401246453455
2019-01-29,386.08887471389085,168.62125641025642,178.6900019944494,38.77761630918499
2019-01-30,383.08751153417035,162.12888993131196,192.7738009389018,28.18482066395658
2019-01-31,706.5832299158994,167.53919762361966,347.7673905494872,191.2766417427925
2019-02-01,1381.592481566289,216.4123076923077,632.5841409738593,532.5960329001219
2019-02-02,796.6169259799987,252.4810256410256,335.67915920316034,208.45674113581276
2019-02-03,506.151430236495,247.07071794871797,190.02286761169714,69.05784467607988
2019-02-04,379.02004715180107,218.21574358974362,128.9810039708691,31.823299591188363
2019-02-05,331.93829603548033,198.37794871794873,112.25372663286218,21.30662068466943
2019-02-06,304.19408142087246,183.95046153846152,103.83601930439372,16.40760057801728
2019-02-07,288.25593524635383,172.04778736720942,99.11993849587874,17.088209383265657
2019-02-08,285.26567410259526,160.14511319595726,93.18985809465413,31.930702811983878
2019-02-09,241.3518865091414,145.35693058150855,78.93988450722676,17.05507142040605
2019-02-10,216.29432759243278,131.65082051282053,72.94621190766975,11.69729517194251
2019-02-11,198.81866389812845,120.28916885532479,69.85675666978868,8.672738373015004
2019-02-12,190.12893904015056,112.35405503434393,70.10638952861177,7.668494477194904
2019-02-13,181.29812198052332,105.68134083791881,68.66977824917683,6.947002893427706
2019-02-14,173.93997385428636,100.09069230769231,66.8762001259412,6.973081420652877
2019-02-15,169.1347500853815,95.04107317078427,67.04235287010854,7.051324044488707
2019-02-16,169.60686218435347,96.3034796749017,66.24970996705098,7.05367254240081
2019-02-17,159.79952079045947,89.99145403387607,63.1188956057876,6.689171150795803
2019-02-18,153.26091379432012,86.92561163232276,60.017490046012625,6.31781211598471
2019-02-19,156.82416310715857,86.38458223900427,58.041838429377194,12.397742438777108
2019-02-20,172.91690464461445,85.84354596612394,55.91592899532568,31.157429683164835
2019-02-21,158.7436916386395,80.25289743589744,55.711605115267815,22.779189087474247
2019-02-22,369.1978904639149,81.33495622253419,54.87840538032637,232.98452886105437
2019-02-23,299.5562189471789,80.25289743589744,54.51983334698275,164.78348816429875
2019-02-24,208.25619081162563,77.7280844276624,51.961436115998964,78.56667026796428
2019-02-25,164.30356653508161,75.38361913690804,49.65189433656248,39.26805306161108
2019-02-26,138.1729120301345,71.41605878663675,45.05267181951318,21.704181423984593
2019-02-27,129.26662761195357,68.89125265796376,45.169529172719834,15.205845781269986
2019-02-28,127.24023480597374,69.07159349588238,45.806340574876636,12.36230073521471
2019-03-01,122.8253688880942,66.90746904304702,44.710799051575634,11.207100793471565
2019-03-02,117.88209756706568,63.30059724817522,44.22424380827088,10.357256510619605
2019-03-03,113.21585633108029,60.41510256410257,43.76790065309154,9.032853113886205
2019-03-04,110.53186201651177,59.333043777465804,43.01501301072434,8.183805228321642
2019-03-05,107.73527529720592,58.43132582874786,41.74058691977383,7.563362548684221
2019-03-06,106.76290051077741,57.34926016254906,42.229528190784585,7.184112157443786
2019-03-07,107.74057144813551,58.07063727334838,42.751066250775544,6.918867924011577
2019-03-08,106.79842833888281,56.808230769230775,43.308389750664006,6.681807818988052
2019-03-09,106.09675527437625,55.18513914949462,44.43097627826782,6.4806398466138155
2019-03-10,108.10927531041112,53.02101469665923,48.377510773255025,6.710749840496881
2019-03-11,1634.906514814791,58.972355222066334,59.235974658273655,1516.698184934451
2019-03-12,493.1668906176705,66.18609881180993,60.753678479853335,366.22711332600727
2019-03-13,234.50722590025362,64.7433514697735,58.0744372086342,111.6894372218459
2019-03-14,542.2978660450308,65.28438086309197,60.528661738271396,416.4848234436675
2019-03-15,265.8696977306828,64.20231519689317,60.93332314307107,140.73405939071856
2019-03-16,449.5140116358267,62.93991557233761,68.45821250068671,318.11588356280237
2019-03-17,480.37748846636947,66.54678736720939,105.1341767057439,308.6965243934162
2019-03-18,486.4175036911536,70.334,221.83546683422057,194.24803685693306
2019-03-19,604.0770219253648,80.43323827381624,352.37413823246646,171.26964541908194
2019-03-20,674.6978449023375,95.40176172618376,438.653968123848,140.64211505230574
2019-03-21,703.2976367292537,115.2395565979786,480.47620928764206,107.58187084363307
2019-03-22,745.203572419223,140.84834083791878,509.6695280748718,94.68570350643239
2019-03-23,790.5482425158712,169.70331519689316,515.6641322547356,105.18079506424245
2019-03-24,571.9881901696874,185.75389743589744,322.72424102313653,63.51005171065342
2019-03-25,500.9864113604811,187.55733333333336,265.0334558454862,48.39562218166157
2019-03-26,668.2113820815035,187.55733333333336,362.99208652909306,117.66196221907704
2019-03-27,559.1136791094366,185.75389743589744,289.7665972711438,83.59318440239542
2019-03-28,474.73750197652987,180.34358974358975,241.69557200990567,52.698340223034464
2019-03-29,460.0867649969214,176.0153408379188,242.61383465745166,41.457589501550956
2019-03-30,478.0666322195156,174.03156410256412,269.8672163209954,34.16785179595608
2019-03-31,485.755270810606,174.2119049404829,285.5053607189333,26.038005151189836
2019-04-01,475.1398317635873,174.2119049404829,278.6364111338962,22.291515689208204
2019-04-02,479.31911660851983,175.83500000000004,283.28337184848544,20.200744760034336
2019-04-03,500.6310209819545,177.6384358974359,304.86031549372194,18.132269590796682
2019-04-04,507.8610334784926,179.44187179487182,311.3954487818775,17.02371290174326
2019-04-05,577.9526181591282,180.34358974358975,362.00260017930106,35.6064282362374
2019-04-06,789.746419121745,191.16420512820514,479.1253142137671,119.45689977977284
2019-04-07,1661.6196046936598,205.5916923076923,531.8710143546828,924.1568980312851
2019-04-08,767.4669219099396,209.1985641025641,332.59076820840244,225.6775895989731
2019-04-09,557.5393289341645,201.9848205128205,271.60063680670424,83.95387161463977
2019-04-10,781.3500682587251,198.37794871794873,301.5053954561072,281.4667240846691
2019-04-11,674.578496503766,196.57451282051284,282.8899570311586,195.11402665209468
2019-04-12,537.0353598330248,189.36076923076925,252.31737293168783,95.35721767056776
2019-04-13,1400.4522785945362,187.55733333333336,393.52916871694947,819.3657765442531
2019-04-14,1227.1702796733673,205.5916923076923,481.32745570525805,540.2511316604168
2019-04-15,775.6699211539498,207.3951282051282,332.3482218887673,235.92657106005421
2019-04-16,1022.6768194247885,201.9848205128205,284.59519356945844,536.0968053425096
2019-04-17,1322.3916423226474,198.37794871794873,380.4510067965542,743.5626868081446
2019-04-18,2172.7784988259696,230.83979487179488,1003.8040561507318,938.1346478034427
2019-04-19,1287.2179008998166,286.7463076923077,719.3413585008445,281.13023470666434
2019-04-20,857.1382946037393,295.7634871794872,466.5680510702829,94.80675635396915
2019-04-21,734.8833554612239,286.7463076923077,385.3843819872593,62.75266578165684
2019-04-22,2238.587206834954,317.404717948718,1012.3151704534671,908.8673184327689
2019-04-23,1469.266938027879,389.54215384615384,832.6683909852343,247.05639319649083
2019-04-24,1061.0768228155632,394.95246153846153,573.8130947696147,92.31126650748672
2019-04-25,853.131201062733,367.90092307692305,430.1206845846302,55.109593401179715
2019-04-26,778.2079155781558,335.4390769230769,388.41774666352387,54.35109199155508
2019-04-27,809.6633443689224,308.3875384615385,348.94085618510155,152.3349497222823
2019-04-28,679.4813776400689,279.5325641025641,304.0578040953102,95.89100944219462
2019-04-29,615.6670926716243,256.08789743589745,308.327016466891,51.25217876883586
2019-04-30,602.7983587272577,238.05353846153844,332.25318866348164,32.49163160223752
2019-05-01,621.9875727110737,225.42948717948718,374.449015000399,22.10907053118735
2019-05-02,638.4147912407257,221.82261538461535,397.7154326675927,18.87674318851762
2019-05-03,654.7722589279771,220.01917948717949,417.18172642123386,17.571353019563748
2019-05-04,853.844182440639,223.6260512820513,612.3201710867438,17.897960071843848
2019-05-05,1010.455848998899,243.4638461538462,751.4493620480313,15.542640797021498
2019-05-06,1129.6042910815313,272.3188205128205,844.2011156073836,13.084354961327442
2019-05-07,1239.0988726605651,306.5841025641025,921.5531167514716,10.961653344991023
2019-05-08,1518.5687226341956,349.8665641025641,1158.3117224043535,10.390436127278248
2019-05-09,1997.8858545390688,441.84179487179483,1545.9265738782244,10.117485789049434
2019-05-10,2423.7108925372986,582.5097948717948,1832.8122586271334,8.38883903837066
2019-05-11,2722.464509792805,737.6052820512821,1977.348725182636,7.510502558887527
2019-05-12,2613.2381466687802,833.1873846153846,1773.067673731284,6.98308832211157
2019-05-13,2247.6866593743634,804.3324102564102,1436.8909685137978,6.463280604156056
2019-05-14,2347.041608063817,764.6568205128206,1571.2491590880777,11.135628462918337
2019-05-15,2167.160480164104,741.2121538461538,1404.850853900617,21.097472417332476
2019-05-16,2188.246402297167,706.9468717948719,1416.7366876142387,64.5628428880571
2019-05-17,2433.7088916879266,710.5537435897436,1634.573141711786,88.58200638639646
2019-05-18,2128.129604882648,705.1434358974359,1381.3185986644442,41.667570320767716
2019-05-19,1998.0569142302993,670.8781538461539,1304.916780864582,22.261979519563354
2019-05-20,2055.213165231781,654.6472307692308,1385.6521251427068,14.913809319843482
2019-05-21,2123.23118659159,651.040358974359,1459.5103265827197,12.68050103451056
2019-05-22,2293.698718448487,674.4850256410257,1609.054219140528,10.159473666933785
2019-05-23,2380.3239911345768,717.7674871794873,1654.370201634547,8.186302320542895
2019-05-24,2417.3356237698617,755.639641025641,1654.4500056982365,7.2459770459838575
2019-05-25,2303.2142918494174,764.6568205128206,1531.9763786569692,6.581092679627265
2019-05-26,2357.5857124999543,771.8705641025641,1579.558143396165,6.157005001225399
2019-05-27,2431.6895158683556,806.1358461538462,1619.9059694831212,5.647700231388052
2019-05-28,2556.5743512260547,851.2217435897435,1700.283245112808,5.069362523503245
2019-05-29,2632.8024105114027,899.9145128205129,1728.1490241735414,4.738873517348328
2019-05-30,2643.7010448987835,932.3763589743589,1706.961504920892,4.363181003532903
2019-05-31,2682.3398884739295,963.0347692307694,1715.1505678984063,4.154551344753715
2019-06-01,2650.102483084596,975.6588205128205,1670.3112972416823,4.132365330093126
2019-06-02,2385.740241018564,963.0347692307694,1418.646519063225,4.058952724569521
2019-06-03,2061.8787163000984,869.2561025641025,1108.7451969278368,83.87741680815876
2019-06-04,1874.1776847461717,768.2636923076923,956.0680540233824,149.8459384150968
2019-06-05,1784.2639930920027,699.7331282051282,984.9069742991885,99.6238905876858
2019-06-06,1976.1160748810348,647.4334871794872,962.9241554105329,365.75843229101497
2019-06-07,1453.4284878344358,580.7063589743591,765.2690964106296,107.45303244944728
2019-06-08,1272.616084819534,522.9964102564103,701.5794909562658,48.04018360685819
2019-06-09,1280.2335128498821,490.5345641025641,763.2135613045716,26.485387442746248
2019-06-10,1521.2872715890512,497.74830769230766,947.2137026883634,76.32526120838017
2019-06-11,1718.0227144410665,541.0307692307692,1116.932353307587,60.05959190271025
2019-06-12,2032.5802200880296,622.1853846153847,1379.8077981487163,30.587037323928225
2019-06-13,2152.0960255932223,712.3571794871796,1420.6327638893417,19.106082216701083
2019-06-14,2027.218743257564,755.639641025641,1257.5735886059233,14.005513626000193
2019-06-15,1940.403513117728,753.8362051282052,1175.5664388015764,11.000869187946023
2019-06-16,1951.4119229612986,755.639641025641,1187.0148249657404,8.757456969917058
2019-06-17,2225.793996477401,768.2636923076923,1309.0510018038485,148.47930236585984
2019-06-18,2337.7103330881428,820.5633333333334,1363.5500186869317,153.5969810678779
2019-06-19,1989.509664352581,802.5289743589743,989.8845954667859,197.09609452682102
2019-06-20,1600.4319595820962,726.7846666666667,793.2943327083851,80.35296020704426
2019-06-21,1457.9034936123949,651.040358974359,766.1836462228786,40.67948841515728
2019-06-22,1528.2444758083452,620.3819487179487,883.73640186124,24.126125229156365
2019-06-23,1540.4264912976264,609.5613333333333,891.7784870205209,39.08667094377216
2019-06-24,1477.6130379646197,589.7235384615385,813.1143518288435,74.77514767423762
2019-06-25,1329.7929892601467,559.0651282051282,728.817769107745,41.910091947273834
2019-06-26,1312.5202070296054,533.8170256410257,756.6795099157911,22.023671472788664
2019-06-27,1527.0141238427177,535.6204615384615,974.9853499942303,16.40831231002571
2019-06-28,2083.5147836659653,586.1166666666666,1430.5703495377784,66.82776746152037
2019-06-29,2118.61903317595,649.2369230769232,1400.8625340702317,68.51957602879482
2019-06-30,1823.8508618030808,658.2541025641026,1127.3218696825202,38.274889556458156
2019-07-01,1823.2236736640125,676.2884615384617,1124.8093900289662,22.125822096584876
2019-07-02,1857.891708822302,687.1090769230768,1155.1516891304607,15.630942768764239
2019-07-03,1863.3114946347282,714.1606153846153,1137.0450387738244,12.105840476288169
2019-07-04,1822.4549129757766,728.5881025641025,1083.5959557594692,10.27085465220471
2019-07-05,1670.4514834467575,705.1434358974359,956.4033346840288,8.90471286529265
2019-07-06,1678.8720691595877,688.9125128205128,982.1660981245411,7.793458214534008
2019-07-07,1726.756728447883,681.6987692307691,1037.8576367341288,7.2003224829851655
2019-07-08,1763.8256671687222,696.1262564102565,1060.9056940982864,6.793716660179498
2019-07-09,1781.1609369597502,708.7503076923076,1066.0179638233521,6.392665444090614
2019-07-10,2128.908113524913,737.6052820512821,1383.99569442481,7.307137048820895
2019-07-11,2111.0989585181414,770.0671282051281,1327.123268489569,13.908561823444352
2019-07-12,1910.0577549162426,759.2465128205129,1137.362991482231,13.44825061349893
2019-07-13,1824.8796836583374,743.0155897435898,1072.0712624684475,9.792831446299763
2019-07-14,1897.460170508625,721.374358974359,1168.5668992313067,7.51891230295951
2019-07-15,1673.3407775835794,681.6987692307691,985.0158595228547,6.6261488299557225
2019-07-16,1614.9814487484175,645.6300512820512,963.3234539818493,6.027943484516752
2019-07-17,3950.7892534886128,788.1014871794872,2267.291889871683,895.3958764374423
2019-07-18,3080.525036474956,1038.7790769230771,1819.9734157867829,221.7725437650956
2019-07-19,2201.1137127843504,995.4966153846153,1126.7442322414158,78.87286515831973
2019-07-20,1717.997529191168,853.0251794871795,821.5143691638316,43.4579805401574
2019-07-21,1509.7192234586669,739.408717948718,745.9471205952188,24.36338491472995
2019-07-22,1419.9344634198592,672.6815897435897,730.380512226143,16.872361450126423
2019-07-23,1393.2368819767448,633.006,748.1852847173321,12.045597259412855
2019-07-24,1352.606958401806,609.5613333333333,733.0721239589197,9.973501109552986
2019-07-25,1748.4206227172995,596.9372820512821,916.348710336349,235.1346303296685
2019-07-26,2824.666906352199,654.6472307692308,1425.2035873601276,744.8160882228404
2019-07-27,3031.285825944579,887.2904615384614,1777.7183012657597,366.27706314035737
2019-07-28,2092.003325848411,896.3076410256411,1087.8009812091404,107.8947036136291
2019-07-29,1762.3252534989704,813.3495897435898,892.6262705750524,56.349393180328256
2019-07-30,1768.0234887010952,739.408717948718,992.6354940568167,35.97927669556049
2019-07-31,1786.208207840583,694.3228205128205,1024.9691784560378,66.91620887172483
2019-08-01,1985.4872302703295,676.2884615384617,1261.7065393645812,47.49222936728657
2019-08-02,3242.049699962278,829.5805128205128,2381.337884108602,31.131303033163842
2019-08-03,2241.068198769428,901.7179487179487,1317.9119861945426,21.438263856936388
2019-08-04,1849.92951600503,833.1873846153846,1000.614005460795,16.128125928850473
2019-08-05,1709.8206618544882,771.8705641025641,925.9178086538996,12.032289098024522
2019-08-06,1652.1193973048016,735.8018461538461,906.674445483877,9.643105667078109
2019-08-07,1599.3456833864834,705.1434358974359,886.1470236354708,8.055223853576777
2019-08-08,1578.176120494571,679.8953333333334,890.8696136883309,7.4111734729068
2019-08-09,1567.535206691474,674.4850256410257,886.0875642414601,6.962616808988375
2019-08-10,1523.871784051212,667.271282051282,850.0092053506656,6.59129664926433
2019-08-11,1457.9965918310368,643.8266153846154,808.004026092419,6.165950354002228
2019-08-12,1347.7638570535694,602.3475897435898,739.3930506175761,6.0232166924034365
2019-08-13,1299.92385258231,575.2960512820513,700.7345866572448,23.893214643013977
2019-08-14,1242.7686469009147,548.2445128205129,677.5237938797875,17.00034020061416
2019-08-15,1222.7277883511515,524.7998461538461,688.0262189757946,9.901723221510766
2019-08-16,1223.762420605727,515.7826666666667,700.4565373075341,7.523216631526066
2019-08-17,1165.3233308306615,501.3551794871795,657.1910301316373,6.7771212118448725
2019-08-18,1226.6621457497902,481.5173846153847,681.2248269365425,63.91993419786321
2019-08-19,1223.0019725562693,479.7139487179487,680.0279681076368,63.26005573068368
2019-08-20,1131.1000820240442,476.1070769230769,629.790266539071,25.202738561896567
2019-08-21,1743.7729682435418,526.6032820512821,1129.5665317144285,87.60315447783107
2019-08-22,1400.5176595100997,568.0823076923077,784.6617467805875,47.773605037204675
2019-08-23,1710.222787757882,573.4926153846154,1027.576367244338,109.1538051289285
2019-08-24,2074.939160451031,620.3819487179487,1212.8926625302265,241.66454920285622
2019-08-25,1513.1353789868406,609.5613333333333,812.0812873393616,91.49275831414563
2019-08-26,1230.328280170839,562.672,623.2427318620994,44.4135483087397
2019-08-27,1298.3516233450166,533.8170256410257,701.9827890625415,62.55180864144924
2019-08-28,1406.5852008596712,555.4582564102564,789.5476870175034,61.579257431911614
2019-08-29,1227.302718660033,532.0135897435897,662.0844884867445,33.20464042969879
2019-08-30,1167.0895068205084,515.7826666666667,630.5773769025561,20.729463251285633
2019-08-31,1318.5537504302433,530.2101538461538,691.1384705697614,97.20512601432816
2019-09-01,1328.6244355110948,550.0479487179487,675.2497748114394,103.32671198170658
2019-09-02,1220.2749802167825,532.0135897435897,630.1320838272404,58.12930664595257
2019-09-03,1159.5748166201436,515.7826666666667,613.2934159791768,30.498733974300038
2019-09-04,1162.3318818110856,506.7654871794872,635.4152808918279,20.15111373977045
2019-09-05,1045.7272314901488,477.91051282051274,552.5453955746685,15.271323094967554
2019-09-06,926.967374680661,441.84179487179483,473.1218015528919,12.003778255974275
2019-09-07,945.965264159427,429.2177435897436,506.8708356548634,9.876684914819855
2019-09-08,899.4011507498761,409.37994871794876,481.19537606696156,8.825825964965786
2019-09-09,1143.8412568719189,412.98682051282054,631.9042014495897,98.95023490950871
2019-09-10,1046.5414775976544,414.7902564102564,517.5040245997111,114.24719658768691
2019-09-11,1009.1386237389853,407.5765128205128,541.0880078669427,60.47410305152969
2019-09-12,2273.72510971392,465.2864615384616,1446.562865541809,361.8757826336495
2019-09-13,3225.76096075248,575.2960512820513,1591.5792948797807,1058.8856145906482
2019-09-14,4931.189057079454,1008.1206666666667,2533.185972874082,1389.8824175387053
2019-09-15,2711.085827070366,1175.840205128205,1356.0074536722864,179.23816826987465
2019-09-16,1914.3384291257034,990.0863076923076,847.1999607345184,77.05216069887734
2019-09-17,2023.2507189833545,816.9564615384616,1061.099663635231,145.1945938096617
2019-09-18,1423.1942989419313,683.5022051282051,647.814961569446,91.87713224427971
2019-09-19,1099.81319025188,564.4754358974359,483.43589723880973,51.90185711563473
2019-09-20,960.9012104688154,476.1070769230769,447.78732086947736,37.006812676261184
2019-09-21,1244.7367898844827,427.4143076923077,624.878989120223,192.44349307195216
2019-09-22,3062.466517871582,532.0135897435897,1856.7871878150986,673.6657403128927
2019-09-23,1854.5862883048173,575.2960512820513,1131.3568610731568,147.93337594960929
2019-09-24,1822.1067750802172,566.2788717948717,1130.5854994718143,125.24240381353107
2019-09-25,1701.4578659108372,555.4582564102564,1006.2630632266734,139.73654627390752
2019-09-26,2555.0542044206686,752.0327692307692,1513.8467671608323,289.17466802906756
2019-09-27,1604.6825462646746,737.6052820512821,760.9041327722078,106.17313144118447
2019-09-28,1179.8715038677217,622.1853846153847,501.39183065153765,56.29428860079944
2019-09-29,915.6356463055254,504.9620512820512,376.7237118573329,33.949883166141404
2019-09-30,753.277694811813,411.1833846153846,318.2495359941397,23.844774202288676
2019-10-01,639.8973492622241,340.84938461538457,280.1717900819971,18.876174564842454
2019-10-02,564.7637604667123,288.54974358974357,259.66412536361634,16.549891513352307
2019-10-03,616.4072897601186,250.67758974358975,267.75353557163254,97.97616444489621
2019-10-04,608.6523835715315,223.6260512820513,281.2092907557354,103.81704153374467
2019-10-05,583.3568203936853,205.5916923076923,307.0037397244687,70.76138836152421
2019-10-06,550.5507185814415,189.36076923076925,297.6939832647696,63.495966085902595
2019-10-07,3159.527260557533,310.19097435897436,1763.8022922636103,1085.5339939349478
2019-10-08,1599.176588165295,458.0727179487179,870.8807302807401,270.2231399358369
2019-10-09,1007.9555365190834,422.004,497.92619921930327,88.02533729977995
2019-10-10,790.2253731612846,360.6871794871795,378.3659562091538,51.17223746495128
2019-10-11,661.8974130517344,304.78066666666666,318.4327291215624,38.684017263505204
2019-10-12,708.8280496970889,268.71194871794876,316.14302343708533,123.97307754205491
2019-10-13,620.9121429031608,245.26728205128205,303.1482762250832,72.4965846267956
2019-10-14,543.1086323473261,220.01917948717949,270.86225018418696,52.227202675959724
2019-10-15,1105.5882844813493,221.82261538461535,673.8152063031622,209.9504627935718
2019-10-16,1837.9843074371206,265.1050769230769,896.3737531628483,676.5054773511954
2019-10-17,3398.5381794289856,348.06312820512824,1426.0054577458793,1624.4695934779777
2019-10-18,2539.0934313952434,456.26928205128206,1281.072933742114,801.7512156018472
2019-10-19,1444.358282360828,476.1070769230769,656.4478255723739,311.80337986537734
2019-10-20,1734.221634552021,438.2349230769231,589.1331993189519,706.8535121561458
2019-10-21,2185.9952243803773,416.5936923076923,994.6341639568994,774.7673681157856
2019-10-22,2093.7817848916416,483.32082051282055,1122.6926405333902,487.7683238454307
2019-10-23,1149.3430298381702,485.1242564102564,547.4860427626433,116.73273066527064
2019-10-24,1819.5378820597466,503.15861538461536,1186.9713249734052,129.40794170172603
2019-10-25,5650.285668051816,1045.9928205128206,2986.1955193823387,1618.097328156657
2019-10-26,2705.0973884156274,1132.5577435897435,1384.5791973391076,187.96044748677602
2019-10-27,1922.6207401275003,903.5213846153847,939.5708386649435,79.52851684717218
2019-10-28,1478.7302030699175,705.1434358974359,720.5009806452285,53.08578652725333
2019-10-29,1163.460471155453,557.2616923076923,567.9194456233295,38.27933322443103
2019-10-30,957.297389898604,449.0555384615385,480.72092792173095,27.520923515334633
2019-10-31,824.4443412498445,369.704358974359,431.9937395058047,22.746242769680727
2019-11-01,735.472909511099,310.19097435897436,405.04234700852254,20.239588143602077
2019-11-02,698.7589096271369,266.90851282051284,412.8653699538177,18.985026852806282
2019-11-03,694.6086378215714,236.25010256410258,439.20048387080067,19.158051386668053
2019-11-04,704.3923267573227,218.21574358974362,468.07176659159757,18.104816575981665
2019-11-05,641.1760239329558,201.9848205128205,423.12904825064436,16.06215516949106
2019-11-06,579.1938803999842,183.95046153846152,381.33455438496276,13.90886447655999
2019-11-07,642.6638594061724,174.03156410256412,453.16078557715116,15.471509726457116
2019-11-08,849.2890458783495,212.80543589743587,606.6844726121483,29.799137368765486
2019-11-09,1034.170717434657,241.66041025641027,772.5182168822042,19.99209029604237
2019-11-10,901.1137965708036,263.30164102564106,616.8328787990298,20.979276746132683
2019-11-11,1107.8524598026534,265.1050769230769,809.6173793269493,33.13000355262722
2019-11-12,1734.1274911681132,339.0459487179487,1246.2003403308754,148.8812021192892
2019-11-13,1191.624991010674,382.3284102564103,712.5494541953774,96.74712655888638
2019-11-14,952.2697637475474,358.88374358974363,544.0162907898964,49.36972936790713
2019-11-15,1721.7151311218256,398.5593333333333,1176.5160625491505,146.6397352393416
2019-11-16,3996.417535280564,535.6204615384615,1843.0635626063308,1617.733511135772
2019-11-17,7999.332363301053,1534.7239487179488,3891.886898198073,2572.7215163850306
2019-11-18,3653.653330450259,1597.8442051282052,1742.1414465528205,313.6676787692334
2019-11-19,2439.3978635628005,1235.3535897435895,1101.7481354128545,102.29613840635696
2019-11-20,1798.4261208411979,932.3763589743589,803.9948754506047,62.05488641623421
2019-11-21,1389.1603268922613,715.9640512820513,630.0512181837237,43.14505742648632
2019-11-22,1428.2190553057885,571.6891794871794,602.0739623445553,254.45591347405366
2019-11-23,6189.060477425396,724.9812307692307,1905.4750758791615,3558.6041707770028
2019-11-24,2824.696694048025,1038.7790769230771,1296.8463663833293,489.07125074161837
2019-11-25,1854.692944660513,905.3248205128206,750.4418869113604,198.9262372363321
2019-11-26,1429.3567192780592,732.1949743589744,549.0221919469286,148.13955297215625
2019-11-27,1080.5159233190363,584.3132307692308,420.3314033186092,75.87128923119646
2019-11-28,848.9055297510741,465.2864615384616,337.5691841895843,46.04988402302824
2019-11-29,708.6042859161987,380.52497435897436,297.1421185555608,30.937193001663516
2019-11-30,612.0228408656744,317.404717948718,272.0845000960988,22.53362282085756
2019-12-01,542.9495634765836,270.5153846153846,254.32436718827273,18.109811672926224
2019-12-02,499.77858159451625,236.25010256410258,246.91235894100652,16.61612008940712
2019-12-03,1291.2329481887032,230.83979487179488,415.17881436013545,645.2143389567728
2019-12-04,937.3587720160273,250.67758974358975,419.08628550095,267.5948967714876
2019-12-05,582.782436732912,230.83979487179488,267.72588271139495,84.21675914972215
2019-12-06,1228.8824202381354,218.21574358974362,397.0083710326048,613.6583056157866
2019-12-07,2605.00930508203,254.28446153846156,676.5460502403055,1674.1787933032633
2019-12-08,854.2379280868806,275.9256923076923,394.48807088562774,183.82416489356063
2019-12-09,616.6201561328531,259.6947692307693,278.19613780193595,78.72924910014795
2019-12-10,598.527712894132,236.25010256410258,248.66501739210145,113.61259293792793
2019-12-11,597.9914825906706,218.21574358974362,244.63023664099768,135.14550235992925
2019-12-12,1654.5168185358518,211.002,352.0336935238893,1091.4811250119626
2019-12-13,905.9625529446746,207.3951282051282,288.14170810266563,410.42571663688074
2019-12-14,560.1703732468657,196.57451282051284,237.08535352186288,126.51050690448986
2019-12-15,455.02085733355517,182.14702564102564,203.94557822476855,68.92825346776095
2019-12-16,595.9133910978662,179.08119011903415,209.45028970166373,207.3819112771684
2019-12-17,1667.8306281274731,207.3951282051282,439.96702197112796,1020.4684779512169
2019-12-18,1252.276771882321,263.30164102564106,589.5942438101137,399.38088704656644
2019-12-19,1850.8395402034268,279.5325641025641,420.4691263039412,1150.8378497969213
2019-12-20,1837.1767965173349,279.5325641025641,353.6832772779245,1203.9609551368462
2019-12-21,1338.0755082960115,265.1050769230769,262.9433901587087,810.0270412142257
2019-12-22,737.739705018895,247.07071794871797,240.01887737491333,250.65010969526367
2019-12-23,528.3200860562811,223.6260512820513,202.08431194008895,102.60972283414095
2019-12-24,545.8215515074833,207.3951282051282,187.86452760372072,150.56189569863434
2019-12-25,454.13221309990894,187.55733333333336,175.8159379048439,90.75894186173163
2019-12-26,549.1867844910696,172.40846904304703,161.12304605801464,215.65526939000796
2019-12-27,653.577467126297,162.8502670421111,165.64916107380438,325.07803901038153
2019-12-28,657.1691725006968,154.55445090660686,176.04961334386292,326.5651082502271
2019-12-29,556.900262900441,156.17754596612392,185.21778219509838,215.5049347392187
2019-12-30,1336.6821236622027,157.62030018772225,278.61693871325735,900.4448847612232
2019-12-31,3158.8473024459763,241.66041025641027,880.5402770650124,2036.646615124554
2020-01-01,3278.972727528734,461.67958974358976,1085.1630146392065,1732.1301231459377
2020-01-02,1132.2262337311838,519.3895384615386,380.5786915735514,232.2580036960938
2020-01-03,5557.2572196699875,660.0575384615385,1352.143588159128,3545.056093049321
2020-01-04,2970.3877479851712,1035.1722051282052,1211.2188539126005,723.9966889443658
2020-01-05,2433.990215211896,926.9660512820512,626.861428000019,880.1627359298261
2020-01-06,1575.0526529109768,766.4602564102564,453.95979605817655,354.632600442544
2020-01-07,1858.463951551368,629.3991282051282,496.493312963531,732.5715103827085
2020-01-08,1225.5000725175946,528.406717948718,425.5374583981768,271.5558961706999
2020-01-09,883.2154081324322,441.84179487179483,309.26538264482656,132.1082306158109
2020-01-10,1547.1897128564533,380.52497435897436,283.4310703619759,883.233668135503
2020-01-11,935.9948169734866,328.22533333333337,261.77857037833314,345.9909132618201
2020-01-12,647.3733876976901,286.7463076923077,241.7280448456401,118.89903515974228
2020-01-13,517.9606538650651,245.26728205128205,212.38769185660368,60.3056799571793
2020-01-14,448.0165515525374,211.002,201.7900077045905,35.22454384794687
2020-01-15,382.7517129315486,179.98290806775213,179.69868885554473,23.070116008251688
2020-01-16,355.4765544353684,158.8826998122778,175.70846239923776,20.885392223852868
2020-01-17,336.72980501185833,145.17658974358977,171.40897352264486,20.144241745623674
2020-01-18,633.2575610745508,136.33975109432905,173.67318702133187,323.24462295888986
2020-01-19,4797.682742726753,158.52201813644018,559.120516161968,4080.0402084283446
2020-01-20,2846.535277157881,221.82261538461535,832.8545563192762,1791.8581054539893
2020-01-21,1243.5912123601768,275.9256923076923,529.82395654766,437.84156350482436
2020-01-22,1075.3278142477775,283.1394358974359,438.2056327041392,353.9827456462022
2020-01-23,2261.515616280534,301.1737948717949,728.241613813633,1232.1002075951062
2020-01-24,1954.0677556875517,353.47343589743593,917.2739609352037,683.320358854912
2020-01-25,1457.4068264873085,385.93528205128206,635.0490659260134,436.4224785100129
2020-01-26,1442.5272578217782,378.7215384615385,517.2267258785366,546.578993481703
2020-01-27,1559.5143303893997,376.9181025641026,585.9881550565638,596.6080727687335
2020-01-28,972.8979203443803,353.47343589743593,350.9756194685324,268.44886497841185
2020-01-29,2786.0477146837684,353.47343589743593,689.0309807594558,1743.5432980268768
2020-01-30,1937.8294815205634,376.9181025641026,474.1048287590906,1086.8065501973701
2020-01-31,2427.149434158035,402.1662051282051,776.5750987222932,1248.4081303075368
2020-02-01,2631.1695098426626,593.3304102564102,1457.5160302028748,580.3230693833775
2020-02-02,1525.5827420185049,623.9888205128206,594.3128126816154,307.28110882406884
2020-02-03,1062.098417793407,551.8513846153846,387.08611429104474,123.16091888697757
2020-02-04,1516.6487341367815,481.5173846153847,318.4517381168382,716.6796114045584
2020-02-05,1749.5106706442155,443.6452307692307,301.15202843131596,1004.7134114436689
2020-02-06,966.7445530035485,411.1833846153846,271.49367850035054,284.06748988781334
2020-02-07,867.8903889551636,371.5077948717949,260.061217615639,236.3213764677297
2020-02-08,789.0499919688668,337.24251282051284,235.79707499359472,216.0104041547592
2020-02-09,608.124229735319,302.9772307692308,210.16152009124028,94.98547887484791
2020-02-10,539.9387912090156,272.3188205128205,193.65284552240902,73.96712517378602
2020-02-11,1097.7815002317163,248.87415384615383,193.6051329293971,655.3022134561654
2020-02-12,597.0861772712628,230.83979487179488,191.69306566374559,174.55331673572235
2020-02-13,988.1525311416087,218.21574358974362,199.6035278159206,570.3332597359445
2020-02-14,712.2623676403905,212.80543589743587,199.95331959660876,299.5036121463459
2020-02-15,885.0404752934944,205.5916923076923,206.1107425960579,473.3380403897442
2020-02-16,709.5914885304256,198.37794871794873,195.42163675440565,315.7919030580712
2020-02-17,501.03114416342464,191.16420512820514,172.57265754415505,137.2942814910644
2020-02-18,413.7006468250649,178.72049468407263,157.15713709675256,77.8230150442397
2020-02-19,370.24128390591244,166.9981613507393,147.34651463911246,55.89660791606072
2020-02-20,344.5292491618267,157.80064102564103,143.34277133221687,43.38583680396887
2020-02-21,502.62810073640674,148.96380237638033,142.3760142583575,211.2882841016689
2020-02-22,478.2986972549864,144.99624890567094,143.93503478943552,189.36741355987994
2020-02-23,428.6323181340259,136.7004465292906,143.55180731457693,148.38006429015837
2020-02-24,455.36507408184434,133.81493808609403,142.03249625629783,179.51763973945248
2020-02-25,474.0067174454096,128.94566666666668,137.7894384526249,207.27161232611803
2020-02-26,1285.8325915097262,130.20806629122222,158.72713422080233,996.8973909977016
2020-02-27,1852.706707085043,148.96380237638033,310.0437374564084,1393.6991672522545
2020-02-28,1270.2555296400715,182.14702564102564,370.2826541488608,717.8258498501849
2020-02-29,786.4209766607396,203.7882564102564,268.6430930670726,313.98962718341056
2020-03-01,614.7232202607865,203.7882564102564,190.50033952540264,220.43462432512752
2020-03-02,965.1176999938053,201.9848205128205,169.0784811190033,594.0543983619815
2020-03-03,1119.329521402168,201.9848205128205,197.2461723464506,720.0985285428969
2020-03-04,758.5121948972507,205.5916923076923,229.32533601243108,323.5951665771273
2020-03-05,1444.629252763735,203.7882564102564,233.0619304731119,1007.7790658803668
2020-03-06,573.2126063024502,198.37794871794873,192.18979675332915,182.64486083117242
2020-03-07,476.89069434784807,187.55733333333336,155.94866661272835,133.3846944017863
2020-03-08,419.80246553802135,174.57260037544444,141.05467565766267,104.17518950491421
2020-03-09,371.73637793926423,160.68613570971368,131.79262160631126,79.25762062323928
2020-03-10,1511.068354120977,158.16132270147864,139.37159804399653,1213.5354333755017
2020-03-11,622.7268073773836,159.0630406501966,142.63117893644812,321.03258779073883
2020-03-12,411.3637485502383,153.11171044413248,136.15409434520407,122.09794376090173
2020-03-13,339.90306516844544,142.4714358974359,124.34718320555967,73.08444606544988
2020-03-14,282.66550475966324,128.22428955586753,109.54539289221435,44.89582231158136
2020-03-15,261.82196412009444,121.01054596612391,107.3988330674019,33.41258508656869
2020-03-16,251.92103329350564,115.05920888049778,108.48802184137826,28.37380257162964
2020-03-17,254.15385105026422,111.09164853022651,112.90833650823998,30.153866011797707
2020-03-18,265.9724274415795,106.94374734203623,120.94042685594158,38.08825324360171
2020-03-19,284.84058220698046,104.23859349588238,134.32779577373356,46.27419293736446
2020-03-20,309.0763059345867,103.15653470924582,150.91990914266972,54.999862082671044
2020-03-21,344.6101243927863,104.59928205128205,179.95015737534303,60.060684966161254
2020-03-22,440.87033856592046,106.94374734203623,193.21117503345735,140.71541619042685
2020-03-23,517.7050197634771,111.81302564102565,194.44746119060886,211.44453293184264
2020-03-24,378.07046552904296,111.81302564102565,165.23438417402164,101.02305571399566
2020-03-25,333.414900647071,110.3702782989894,152.79624887437657,70.24837347370497
2020-03-26,506.55907279869047,110.00958974358974,153.07847979215217,243.47100326294859
2020-03-27,698.1385766715943,112.71474358974359,195.70757851720055,389.7162545646501
2020-03-28,2780.7934713265804,129.6670437774658,542.0192669975041,2109.1071605516104
2020-03-29,1534.1990886343488,157.62030018772225,553.6664580928145,822.912330353812
2020-03-30,1081.0882398031656,169.88365603481196,348.447453476148,562.7571302922056
2020-03-31,891.718848395534,171.14606941849146,271.0480376978186,449.52474127922403
2020-04-01,504.47353630760483,165.37506629122225,211.03971501283064,128.05875500355194
2020-04-02,406.9831384996344,156.89892307692307,173.0535131227307,77.03070229998065
2020-04-03,362.77755109345003,150.58689743589744,153.0785609806432,59.11209267690941
2020-04-04,327.0256361061542,141.75005878663677,139.0090144962811,46.2665628232363
2020-04-05,300.43560591256136,133.09357473441878,131.0277622929096,36.31426888523298
2020-04-06,291.16923322804433,125.33879487179487,131.72020662768014,34.11023172856934
2020-04-07,294.51149286454427,119.38745090660683,134.59579624398435,40.52824571395301
2020-04-08,298.83585848460666,113.07543214514325,146.32476361846042,39.435662721003034
2020-04-09,354.12316259091523,111.45233708562598,189.23211919466837,53.43870631062088
2020-04-10,545.5354324710863,111.81302564102565,328.98913309656444,104.73327373349636
2020-04-11,633.7955415625795,121.91226391484187,422.2612888055319,89.6219888422057
2020-04-12,532.5011779918742,130.02772545330342,337.2734976008477,65.19995493772315
2020-04-13,518.5174747157487,136.7004465292906,321.66723982584165,60.1497883606163
2020-04-14,634.6835793083884,144.8159080677521,398.03708958676316,91.83058165387305
2020-04-15,950.9869097302728,162.3092307692308,639.9783812176324,148.69929774340943
2020-04-16,1032.9077082597764,198.37794871794873,702.9604080901639,131.5693514516638
2020-04-17,1218.8984381635503,248.87415384615383,844.58615534692,125.43812897047663
2020-04-18,1365.6758687265676,311.9944102564103,943.8135638077201,109.86789466243731
2020-04-19,1500.9432955173024,376.9181025641026,1026.4169189635613,97.60827398963873
2020-04-20,1588.7758247898541,436.43148717948725,1061.1598355550018,91.18450205536523
2020-04-21,1660.6596740733528,485.1242564102564,1082.1488969402947,93.3865207228015
2020-04-22,1793.3026993043165,513.9792307692308,1142.1730166015018,137.15045193358395
2020-04-23,1755.6860477500381,544.637641025641,1100.0369757394112,111.01143098498598
2020-04-24,1692.952491474253,566.2788717948717,1042.7160832191355,83.95753646024573
2020-04-25,2457.9235806461525,591.5269743589744,1373.7236338009852,492.6729724861932
2020-04-26,2376.103635810596,647.4334871794872,1191.9019071285047,536.7682415026043
2020-04-27,2453.112261015009,629.3991282051282,1134.461093277656,689.2520395322249
2020-04-28,1745.2983927792018,593.3304102564102,895.5844481266108,256.3835343961806
2020-04-29,1671.169408366261,544.637641025641,772.1013134929865,354.43045384763366
2020-04-30,2391.012867962355,530.2101538461538,1170.8326138631483,689.9701002530526
2020-05-01,1651.7176232133195,521.1929743589744,902.0675010125129,228.45714784183232
2020-05-02,1965.463141231986,501.3551794871795,951.8041609567709,512.3038007880353
2020-05-03,1993.3487322781089,506.7654871794872,996.2857854740251,490.2974596245964
2020-05-04,1387.1660620044122,485.1242564102564,726.1252723124519,175.91653328170395
2020-05-05,1614.2225722453286,454.4658461538462,685.5154343278675,474.2412917636149
2020-05-06,1588.036418788817,431.0211794871795,821.5597115061983,335.4555277954392
2020-05-07,1258.218729795779,414.7902564102564,720.2500251740555,123.17844821146723
2020-05-08,1284.3290001882324,396.75589743589745,813.2163291095692,74.35677364276577
2020-05-09,1743.442323551694,438.2349230769231,1242.3469269912773,62.860473483493585
2020-05-10,2341.264708053436,562.672,1716.34129918033,62.25140887310551
2020-05-11,2623.096046101278,724.9812307692307,1842.432318056686,55.68249727536162
2020-05-12,2673.500594225019,834.9908205128205,1792.4255907613076,46.08418295089103
2020-05-13,2733.069412946391,916.1454358974358,1781.1368153782255,35.78716167073002
2020-05-14,2719.3353214750828,961.2313333333334,1719.8413126997655,38.262675441983944
2020-05-15,2622.712267290412,964.8382051282053,1631.2758191105022,26.598243051704653
2020-05-16,2651.957054005884,954.0175897435897,1655.2852113466415,42.654252915652684
2020-05-17,2675.7120890983356,925.1626153846155,1679.9701984501037,70.57927526361665
2020-05-18,2852.179993493311,939.5901025641026,1862.031345274761,50.55854565444696
2020-05-19,2797.5536542461923,963.0347692307694,1802.166839048339,32.35204596708392
2020-05-20,2824.7718179456083,982.8725641025642,1800.8152214973193,41.08403234572478
2020-05-21,2660.2262888331825,981.0691282051282,1567.197285227421,111.95987540063314
2020-05-22,2263.924550138484,901.7179487179487,1300.3309775409862,61.87562387954937
2020-05-23,2137.0170122408213,813.3495897435898,1241.7612964026102,81.90612609462133
2020-05-24,2588.16958426736,759.2465128205129,1458.0392155175014,370.88385592934577
2020-05-25,3015.3078348320705,816.9564615384616,1928.2958493782212,270.0555239153873
2020-05-26,2526.446177548369,871.0595384615385,1575.8225229200812,79.56411616674934
2020-05-27,2155.8253885889967,834.9908205128205,1276.654516539212,44.18005153696441
2020-05-28,2198.736750781976,786.2980512820513,1381.9152371397167,30.523462360207642
2020-05-29,2654.9491161210412,840.4011282051283,1790.8763683219768,23.671619593936388
2020-05-30,2798.2155705877353,945.0004102564103,1835.3191457529567,17.89601457836849
2020-05-31,2764.0640384892913,1013.5309743589744,1731.1317781187222,19.401286011594262
2020-06-01,2372.986164286465,981.0691282051282,1372.0583032266102,19.858732854726206
2020-06-02,2924.4398872126185,935.9832307692307,1529.988863650244,458.46779279314404
2020-06-03,2324.3837349652667,899.9145128205129,1233.6435779245048,190.8256442202492
2020-06-04,2053.1859667356866,811.5461538461539,1070.9017202591888,170.73809263034371
2020-06-05,1855.7840291396992,746.6224615384615,1028.9560949017373,80.20547269950048
2020-06-06,1775.3387149430905,679.8953333333334,1047.718221128128,47.7251604816288
2020-06-07,1667.1690854423996,631.2025641025641,1003.4671700214914,32.49935131834378
2020-06-08,1590.5427337349563,600.5441538461538,967.7625681771515,22.23601171165096
2020-06-09,1613.7342860682152,577.0994871794871,1007.0522324051317,29.582566483596317
2020-06-10,2439.55919596204,580.7063589743591,1153.702054500996,705.1507824866852
2020-06-11,2324.862048411666,678.0918974358974,1405.9630486457572,240.8071023300114
2020-06-12,2484.914902843513,780.8877435897436,1587.9042741398416,116.12288511392775
2020-06-13,2181.980034806994,818.7598974358975,1245.2498821801737,117.97025519092276
2020-06-14,1930.4220942070076,786.2980512820513,1085.243323906252,58.880719018704106
2020-06-15,2029.5297297129223,759.2465128205129,1230.303177839854,39.98003905255538
2020-06-16,1930.2938622737665,737.6052820512821,1143.407250529463,49.28132969302174
2020-06-17,2010.4464488473245,730.3915384615385,1254.2340361929123,25.82087419287393
2020-06-18,2149.078218673338,762.8533846153846,1366.412434099976,19.81239995797793
2020-06-19,3225.3872382536238,871.0595384615385,1876.7386321166064,477.58906767547876
2020-06-20,4758.954673654976,1175.840205128205,2693.7441894257518,889.37027910102
2020-06-21,3660.134061514942,1428.3212307692306,2082.1344213280177,149.67840941769353
2020-06-22,4909.86265760267,1572.5961025641027,2788.431841469975,548.8347135685912
2020-06-23,6529.402676485081,2164.123076923077,3424.1346164093643,941.1449831526394
2020-06-24,5719.3621342902015,2362.5010256410255,2760.886979314686,595.9741293344896
2020-06-25,4477.169589916762,2218.226153846154,2132.301607076118,126.64182899448898
2020-06-26,4189.945967801548,1947.7107692307695,1963.7164839966385,278.5187145741386
2020-06-27,3872.708231081694,1772.7774871794873,1861.3177536465064,238.61299025570102
2020-06-28,3270.194020170741,1568.989230769231,1595.1825578023536,106.02223159915687
2020-06-29,3011.204522386884,1406.6800000000003,1547.7190243578557,56.80549802902785
2020-06-30,2767.1359691815837,1282.242923076923,1448.9372606801412,35.95578542452038
2020-07-01,2587.7499749305457,1165.0195897435897,1398.0556382858485,24.67474690110733
2020-07-02,2489.5608641967324,1101.8993333333333,1368.4729862956874,19.18854456771175
2020-07-03,2179.279340910478,1011.7275384615384,1152.424538372492,15.127264076447476
2020-07-04,1981.7384710187353,919.7523076923078,1050.2555337613378,11.730629565089536
2020-07-05,1923.2665499952107,854.8286153846154,1058.460210355115,9.97772425548046
2020-07-06,1924.2622395099568,827.777076923077,1087.939824811575,8.545337775304779
2020-07-07,1956.8019164218067,834.9908205128205,1114.0087129710041,7.802382937982012
2020-07-08,2199.5409702702495,865.6492307692308,1270.2545160084715,63.63722349254655
2020-07-09,2473.215500539151,934.1797948717949,1439.2361270062904,99.79957866106533
2020-07-10,2988.4266855153055,972.0519487179488,1411.768108698207,604.6066280991502
2020-07-11,4411.580483364415,1085.6684102564104,2067.78053961374,1258.1315334942637
2020-07-12,3379.1636802933294,1170.4298974358976,1671.7401758414717,536.9936070159603
2020-07-13,2371.276362721487,1109.113076923077,1115.6852573790643,146.4780284193458
2020-07-14,2069.657486271759,1013.5309743589744,985.4444039471794,70.6821079656053
2020-07-15,2339.4750510606395,984.6760000000002,1178.6758862594388,176.1231648012007
2020-07-16,4784.635126534356,1276.8326153846153,2447.327947437652,1060.4745637120886
2020-07-17,3247.776266844246,1458.979641025641,1617.6423050901933,171.1543207284116
2020-07-18,2885.694598082776,1388.645641025641,1389.056507074003,107.992449983132
2020-07-19,2973.5248834961776,1403.0731282051283,1464.6397917678469,105.81196352320197
2020-07-20,2821.6317501701546,1368.8078461538462,1391.894632744614,60.929271271695086
2020-07-21,2743.277482785505,1329.1322564102563,1367.4638264305463,46.68139994470245
2020-07-22,2594.4222079536157,1273.2257435897436,1284.789332722376,36.407131641496285
2020-07-23,2334.1399385835216,1175.840205128205,1132.3826048962576,25.917128559059087
2020-07-24,2268.365612151912,1089.275282051282,1108.547800640307,70.54252946032321
2020-07-25,2080.5939232357896,1002.710358974359,1035.898484459698,41.98507980173225
2020-07-26,1948.6243304209816,919.7523076923078,1002.5069688573876,26.365053871286456
2020-07-27,2015.1264765443227,923.3591794871795,1072.4214055018688,19.34589155527441
2020-07-28,2078.475278001798,961.2313333333334,1102.2989689922133,14.944975676251328
2020-07-29,1971.081643505356,954.0175897435897,1005.37721007126,11.686843690505862
2020-07-30,1888.2677752439809,928.7694871794872,949.9317220158222,9.566566048671698
2020-07-31,1956.0170530516095,941.3935384615384,1006.2833350564023,8.340179533668918
2020-08-01,1982.9837518530092,972.0519487179488,1003.4213448060291,7.510458329031376
2020-08-02,2046.8390575035064,973.8553846153848,1017.3576191005988,55.62605378752277
2020-08-03,2973.585866968402,1042.3859487179488,1284.1274448735517,647.0724733769018
2020-08-04,2147.265676176324,1058.6168717948717,981.6612682197583,106.98753616169417
2020-08-05,2391.487262508972,1000.906923076923,1130.2426278530268,260.3377115790218
2020-08-06,3178.2538891608465,1168.6264615384616,1588.9392051825089,420.68822243987586
2020-08-07,2855.0632763081894,1139.7714871794872,1252.031676812681,463.2601123160211
2020-08-08,2404.225461956731,1091.078717948718,1088.1374323535888,225.00931165442398
2020-08-09,1873.8583261673577,984.6760000000002,791.6411889996882,97.54113716766966
2020-08-10,1830.2820872684167,917.9488717948718,830.224222062756,82.10899341078907
2020-08-11,1625.6599974007668,840.4011282051283,735.5565111719393,49.702358023699134
2020-08-12,1347.44839521095,739.408717948718,574.4877167223281,33.55196053990367
2020-08-13,1164.870642869143,645.6300512820512,496.0502846502672,23.190306936824456
2020-08-14,1277.5542320784155,605.9544615384616,611.8620744536253,59.737696086328484
2020-08-15,1873.0764347504257,733.9984102564104,1004.5270069041999,134.5510175898156
2020-08-16,1897.9724901639145,836.7942564102564,999.8050118970651,61.37322185659297
2020-08-17,1966.6836648221108,907.1282564102564,1024.8005700634737,34.75483834838062
2020-08-18,2208.9481152016683,993.6931794871796,1081.287101953282,133.96783376120672
2020-08-19,2416.600062114769,1055.01,1221.8147426209357,139.77531949383373
2020-08-20,3905.186989848882,1146.9852307692308,1660.212830631555,1097.9889284480955
2020-08-21,5999.753058022934,1449.9624615384614,2542.0924380216766,2007.6981584627965
2020-08-22,4428.678744075126,1715.0675384615383,1929.7264233212904,783.8847822922975
2020-08-23,2870.1049982314316,1522.0998974358974,1133.6770074753351,214.32809332019912
2020-08-24,2128.7059620823275,1253.3879487179488,790.8262158483321,84.49179751604622
2020-08-25,1755.6405586970184,1035.1722051282052,667.0645102741737,53.40384329463923
2020-08-26,1527.4529757992132,874.6664102564102,604.0866059324314,48.699959610371366
2020-08-27,1373.963620785856,759.2465128205129,563.6277357357832,51.089372229559885
2020-08-28,1375.6070594662467,679.8953333333334,553.3915720445751,142.3201540883379
2020-08-29,1268.7936654239886,643.8266153846154,548.4586341665918,76.50841587278151
2020-08-30,1202.083767756766,584.3132307692308,479.87522262990484,137.89531435762999
2020-08-31,1214.1130553895264,571.6891794871794,503.3402578877354,139.08361801461172
2020-09-01,2597.0607773427037,645.6300512820512,952.9526866301217,998.4780394305307
2020-09-02,3807.659605485212,1092.8821538461539,1731.3711982708992,983.4062533681589
2020-09-03,2516.7566744001624,1181.2505128205128,1191.6855157291636,143.82064585048587
2020-09-04,2301.1677766334506,1141.5749230769231,1072.9481530872067,86.64470046932104
2020-09-05,1993.2360677717093,1036.9756410256412,902.5017550703569,53.75867167571118
2020-09-06,1819.8390662816716,937.7866666666666,843.9240443827402,38.12835523226522
2020-09-07,1641.3797309158563,860.2389230769231,749.645338029245,31.495469809687776
2020-09-08,1410.6829729141775,773.674,615.3052506131404,21.70372230103705
2020-09-09,1353.5824852594246,712.3571794871796,624.1460139934104,17.07929177883449
2020-09-10,1314.5694150557742,679.8953333333334,620.7830181827545,13.89106353968639
2020-09-11,1290.1052297072395,656.4506666666667,622.0868828686652,11.567680171907568
2020-09-12,1264.3644130323319,633.006,621.5264769516479,9.831936080684248
2020-09-13,1114.8081768046852,584.3132307692308,521.845616027815,8.649330007639342
2020-09-14,1009.2266370077792,542.8342051282052,458.39821513670074,7.994216742873435
2020-09-15,962.1406315182292,521.1929743589744,433.1082688926,7.839388266654652
2020-09-16,974.8738692642115,517.5861025641026,449.7919307000407,7.495836000068145
2020-09-17,1041.9988508308968,532.0135897435897,501.5761913024161,8.409069784890837
2020-09-18,1053.8065108014032,535.6204615384615,509.86849533452676,8.317553928415215
2020-09-19,1029.4640068527722,524.7998461538461,491.666307391719,12.99785330720691
2020-09-20,1212.978853930434,526.6032820512821,579.5004701506267,106.87510172852527
2020-09-21,1758.2289025155787,564.4754358974359,1136.7391607584657,57.01430585967738
2020-09-22,1254.604437122977,562.672,662.7263905420778,29.206046580899137
2020-09-23,2824.549861355667,622.1853846153847,1686.5795334886907,515.7849432515919
2020-09-24,4145.876966639667,995.4966153846153,2338.0649303276123,812.3154209274398
2020-09-25,5277.610521062385,1529.3136410256411,2606.12662158708,1142.170258449663
2020-09-26,4030.6132271436454,1677.1953846153847,1756.2474393596294,597.1704031686309
2020-09-27,2772.925125009284,1453.5693333333334,1117.804285536315,201.5515061396353
2020-09-28,3655.8585476508306,1388.645641025641,1609.2906711151136,657.9222355100756
2020-09-29,3141.305887061584,1412.0903076923078,1416.8975685759292,312.3180107933475
2020-09-30,2418.4457074004977,1249.781076923077,1077.159205060203,91.50542541721761
2020-10-01,2115.1735797434467,1100.0958974358973,957.6985258974705,57.37915641007846
2020-10-02,1886.044760564093,970.2485128205128,875.325924472374,40.47032327120625
2020-10-03,1701.6069739283062,860.2389230769231,811.5450346920462,29.823016159336685
2020-10-04,1624.317189755801,788.1014871794872,812.2846474700391,23.93105510627492
2020-10-05,2415.146268564167,759.2465128205129,888.5232584701316,767.3764972735222
2020-10-06,3292.6506575934827,979.2656923076925,1349.2014316032755,964.1835336825153
2020-10-07,2101.4782276442525,1002.710358974359,951.9114315412669,146.8564371286262
2020-10-08,2507.434847502148,1022.5481538461539,1383.6244902153958,101.26220344059846
2020-10-09,6253.605924011006,1388.645641025641,3084.336711468666,1780.6235715166981
2020-10-10,5898.901031812274,2055.916923076923,2611.180087942939,1231.8040207924116
2020-10-11,3899.415108850668,1893.607692307692,1554.5927765094077,451.21464003356795
2020-10-12,2729.3962543887183,1545.544564102564,999.6261855586761,184.22550472747864
2020-10-13,2829.7778406637026,1278.6360512820513,975.4567573787832,575.6850320028674
2020-10-14,2698.1342415216623,1112.7199487179487,806.8321534495758,778.5821393541381
2020-10-15,2528.889294503189,990.0863076923076,917.8170684590142,620.9859183518671
2020-10-16,7771.55985293671,2073.9512820512823,3560.562243906308,2137.0463269791185
2020-10-17,4350.425701401479,2344.4666666666662,1799.5049967011971,206.45403803361563
2020-10-18,3580.469232654958,1875.5733333333333,1471.5152339552737,233.38066536635097
2020-10-19,3168.720367191436,1563.5789230769233,1394.2380985475293,210.9033455669828
2020-10-20,2473.2132675935004,1309.2944615384615,1051.4392842603706,112.4795217946683
2020-10-21,1963.7200814780188,1071.240923076923,804.3613833437769,88.11777505731858
2020-10-22,1571.162315197004,872.8629743589745,637.2152734520992,61.08406738593039
2020-10-23,1736.5337096987626,735.8018461538461,628.2630034085897,372.46886013632655
2020-10-24,1277.980608440513,618.5785128205129,541.438219502897,117.96387611710284
2020-10-25,1042.9688211083183,517.5861025641026,464.6388548585717,60.74386368564395
2020-10-26,1178.1418536218184,450.85897435897436,463.48612033758,263.7967589252639
2020-10-27,5522.56264530331,569.8857435897436,1849.349570200573,3103.327331512994
2020-10-28,8443.38383782044,1875.5733333333333,4172.332058562605,2395.478445924502
2020-10-29,8000.712731179579,3119.9441025641026,3686.4146982632346,1194.353930352241
2020-10-30,7633.3920411301615,3210.1158974358973,2824.1712698341826,1599.1048738600805
2020-10-31,4296.891134807089,2506.7758974358976,1608.1814365864573,181.9338007847331
2020-11-01,3239.7702305517178,1839.5046153846156,1308.631502284792,91.63411288230995
2020-11-02,3871.5025096780296,1513.082717948718,1812.8594037725215,545.5603879567898
2020-11-03,5295.68082958126,1893.607692307692,2875.0934346580293,526.9797026155387
2020-11-04,5188.175738139081,2091.985641025641,2566.0668016744758,530.1232954389642
2020-11-05,4891.33237003407,2019.8482051282049,2132.1424214577073,739.3417434481572
2020-11-06,3228.6888764696996,1671.785076923077,1365.253561160329,191.65023838629335
2020-11-07,2449.7507794372955,1307.4910256410258,1057.7692131260137,84.49054067025608
2020-11-08,1971.1194615708532,1031.5653333333335,883.244744908309,56.30938332921069
2020-11-09,1676.1492961781603,825.9736410256411,794.9568768329361,55.218778319583066
2020-11-10,1772.9297770929077,685.3056410256411,732.761787123708,354.8623489435588
2020-11-11,1366.5055634013513,573.4926153846154,667.5058064682331,125.50714154850255
2020-11-12,1433.2031579897744,492.3380000000001,626.6333404884138,314.2318175013605
2020-11-13,1876.3678987997328,432.8246153846154,617.0609952062423,826.4822882088754
2020-11-14,1388.9476508554228,389.54215384615384,585.7845101680255,413.6209868412436
2020-11-15,2890.7896684388575,394.95246153846153,820.4908022302552,1675.3464046701401
2020-11-16,1649.0106860916326,441.84179487179483,686.1558194990334,521.0130717208046
2020-11-17,4287.610877303818,481.5173846153847,1110.0138283293884,2696.0796643590447
2020-11-18,2200.675304691675,589.7235384615385,977.7618039117976,633.1899623183392
2020-11-19,1958.68275977783,577.0994871794871,657.2405547054946,724.342717892848
2020-11-20,2673.912911471268,533.8170256410257,613.5698487479137,1526.5260370823291
2020-11-21,1798.517360368375,503.15861538461536,576.8237982260807,718.5349467576788
2020-11-22,1590.3496123260566,472.50020512820515,587.1669448010425,530.682462396809
2020-11-23,1388.1015716007264,447.2521025641026,544.1919580157584,396.6575110208655
2020-11-24,3013.6846803347967,461.67958974358976,677.6167152236553,1874.3883753675514
2020-11-25,1993.985009608268,476.1070769230769,560.7007007320864,957.177231953105
2020-11-26,2399.370934300896,459.8761538461539,567.1165597216343,1372.3782207331071
2020-11-27,7670.040142806468,901.7179487179487,1587.6635864607583,5180.658607627761
2020-11-28,2715.920281599539,1217.3192307692307,961.2261876816378,537.3748631486704
2020-11-29,1860.3013162868376,1042.3859487179488,664.125925533855,153.78944203503403
2020-11-30,2647.3555271753694,903.5213846153847,788.8408285159762,954.9933140440086
2020-12-01,1545.2670422387241,788.1014871794872,596.42936339853,160.736191660707
2020-12-02,1266.1254851441697,658.2541025641026,527.2939993298871,80.57738325017993
2020-12-03,1176.2773726511339,564.4754358974359,550.3216049814041,61.480331772294164
2020-12-04,1244.3556408420939,517.5861025641026,603.8782238597307,122.89131441826066
2020-12-05,1209.3241517037545,504.9620512820512,609.4037464931209,94.9583539285823
2020-12-06,2153.061921451138,524.7998461538461,785.8274757943177,842.4345995029742
2020-12-07,4888.117216641522,825.9736410256411,1696.7431169801916,2365.4004586356887
2020-12-08,3476.3139138128613,1101.8993333333333,1579.5176009666106,794.8969795129173
2020-12-09,2525.557361866025,1067.6340512820514,944.6272260219887,513.2960845619851
2020-12-10,1845.6422743847384,908.9316923076924,700.1172108881292,236.59337118891685
2020-12-11,1456.7043644563175,750.2293333333334,585.3153899038241,121.15964121915954
2020-12-12,1199.7580623717151,614.971641025641,511.7118147354253,73.07460661064853
2020-12-13,1044.9449677625082,512.1757948717949,468.51000717275235,64.25916571796074
2020-12-14,1030.7311882325498,440.03835897435897,438.6328746075199,152.059954650671
2020-12-15,2590.826151492534,387.738717948718,457.7450240108933,1745.3424095329228
2020-12-16,1754.4320066125788,366.0974871794872,478.5506409696998,909.78387846339194
2020-12-17,1271.2790652238489,339.0459487179487,447.409471662727,484.823644843173
2020-12-18,2452.313712419476,346.2596923076923,585.2742084034121,1520.7798117083714
2020-12-19,1559.3581413306424,411.1833846153846,518.0790836252966,630.0956730899613
2020-12-20,1761.63360429408,450.85897435897436,561.9245994323601,748.8500305027457
2020-12-21,1112.6185353892863,445.44866666666667,440.73924185892,226.43062686369953
2020-12-22,901.8774458281918,400.36276923076923,374.22749354608527,127.28718305133721
2020-12-23,772.5498464044585,351.6700000000001,343.2692025333023,77.61064387115641
2020-12-24,696.71291814358,313.79784615384614,328.02059309643283,54.89447889330117
2020-12-25,654.809660572917,284.9428717948718,323.91025202637,45.9565367516752
2020-12-26,748.7831153530535,261.49820512820514,323.76706866783206,163.51784155701637
2020-12-27,861.8231729870485,239.85697435897436,324.47454663256843,297.49165199550555
2020-12-28,610.0231132461992,220.01917948717949,294.736618032725,95.2673157262947
2020-12-29,546.2768363204517,203.7882564102564,277.86615115695963,64.62242875323564
2020-12-30,969.2002188655907,194.77107692307692,307.2899396289731,467.13920231354064
2020-12-31,617.0957301856216,185.75389743589744,286.5636374042416,144.77819534548246
