action,event_pk,rn,date,work_area,organization,project,survey,sampling_bout,site_id,source,project_specific_id,hakai_id,line_out_depth,pressure_transducer_depth,collected,preserved,analyzed,acidified,volume,lab_technician,filter_portion,pre_weight_mg,post_weight_mg,filter_size_mm,filter_type,extraction_duration,extraction_method,initial_extraction_volume,volume_filtered_ml,final_extraction_volume,tac_peak,_19_but,_19_hex,alpha_carotene,alloxanthin,antheraxanthin,beta_carotene,c2mgdg,chl_a,chl_b,chl_c1,chl_c1_c2,chl_c2,chl_c3,chl_ide_a,chla_allomer,chla_prime,diadinoxanthin,diatoxanthin,dv_chl_a,fuco,gyroxanthin_diester,lutein,me_chlide,mgdvp,neoxanthin,peri,phbide,phphyt,prasinoxanthin,violaxanthin,zeaxanthin,total_chl_a,all_chl_a,all_chl_a_flag,analyzing_lab,row_flag,quality_level,comments,quality_log
,364805,1,2018-01-10,CALVERT,HAKAI,OCEANOGRAPHY,QCS_V1,1,QCS01,M,,CX7142,5,,2018-01-10T17:40:04.000Z,2018-01-11T00:15:32.000Z,,,1000,lucy.quayle,1,,,,,,,,,,,,,,,,,,,,,,,,,,,,,,,,,,,,,,,,,,,,,,Collected,Technicianm,,1: Metadata QCd by BF
,364867,1,2018-01-11,CALVERT,HAKAI,OCEANOGRAPHY,FZH,5,KC10,M,,CX7144,5,6.5333066,2018-01-11T18:51:43.000Z,2018-01-11T21:28:51.000Z,,,1000,lucy.quayle,1,,,,,,,,,,,,,,,,,,,,,,,,,,,,,,,,,,,,,,,,,,,,,,Collected,Technicianm,,1: Metadata QCd by BF
,364882,1,2018-01-12,CALVERT,HAKAI,OCEANOGRAPHY,RVRS,3,DFO2,M,,CX7146,5,6.4705799,2018-01-12T19:50:30.000Z,2018-01-13T00:51:39.000Z,,,1000,lucy.quayle,1,,,,,,,,,,,,,,,,,,,,,,,,,,,,,,,,,,,,,,,,,,,,,,Collected,Technicianm,,1: Metadata QCd by BF
,368692,1,2018-02-19,CALVERT,HAKAI,OCEANOGRAPHY,FZH,4,KC10,M,,CX7150,5,7.1585816,2018-02-19T20:08:33.000Z,2018-02-19T23:06:40.000Z,,,1000,bryn.fedje;Ang,1,,,,,,,,,,,,,,,,,,,,,,,,,,,,,,,,,,,,,,,,,,,,,,Collected,Technicianm,,1: Metadata QCd by BF2: Event metadata QCd by LQ.
,368746,1,2018-02-20,CALVERT,HAKAI,OCEANOGRAPHY,RVRS,3,DFO2,M,,CX7151,5,,2018-02-20T19:38:32.000Z,2018-02-21T01:46:43.000Z,,,1000,Angela,1,,,,,,,,,,,,,,,,,,,,,,,,,,,,,,,,,,,,,,,,,,,,,,Collected,Technicianm,,1: Metadata QCd by BF2: Event metadata QCd by LQ.
,368809,1,2018-02-21,CALVERT,HAKAI,OCEANOGRAPHY,QCS_V1,2,QCS01,M,,CX7148,5,,2018-02-21T18:05:05.000Z,2018-02-21T23:51:56.000Z,,,1000,bryn.fedje;Chris,1,,,,,,,,,,,,,,,,,,,,,,,,,,,,,,,,,,,,,,,,,,,,,,Collected,Technicianm,,1: Metadata QCd by BF2: Event metadata QCd by LQ.
,374070,1,2018-03-24,CALVERT,HAKAI,OCEANOGRAPHY,QCS_V1,1,QCS01,M,,CX7152,5,,2018-03-24T17:30:48.000Z,2018-03-24T21:50:56.000Z,,,1000,brent.rayner,1,,,,,,,,,,,,,,,,,,,,,,,,,,,,,,,,,,,,,,,,,,,,,,Collected,Technicianm,,1: Event Metadata QCd by BF
,374749,1,2018-03-27,CALVERT,HAKAI,OCEANOGRAPHY,FZH,1,KC10,M,,CX7158,5,5.5082893,2018-03-27T16:32:11.000Z,2018-03-27T19:30:42.000Z,,,1000,bryn.fedje;emma.myers;lucy.quayle;brent.rayner,1,,,,,,,,,,,,,,,,,,,,,,,,,,,,,,,,,,,,,,,,,,,,,,Collected,Technicianm,,1: Event metadata QC'd by EM
,374924,1,2018-03-31,CALVERT,HAKAI,OCEANOGRAPHY,RVRS,1,DFO2,M,,CX7161,5,5.3731593,2018-03-31T19:50:25.000Z,2018-03-31T23:24:44.000Z,,,1000,bryn.fedje;lucy.quayle;brent.rayner,1,,,,,,,,,,,,,,,,,,,,,,,,,,,,,,,,,,,,,,,,,,,,,,Collected,Technicianm,,1: Event metadata QCd by BF
,379049,1,2018-04-22,CALVERT,HAKAI,OCEANOGRAPHY,QCS_V1,2,QCS01,M,,CX7168,5,,2018-04-22T16:17:42.000Z,2018-04-22T17:54:44.000Z,,,1000,brent.rayner;lucy.quayle,1,,,,,,,,,,,,,,,,,,,,,,,,,,,,,,,,,,,,,,,,,,,,,,Collected,Technicianm,,1: Event Metadata QCd by CM2: Sample metadachecked by CM
,379147,1,2018-04-25,CALVERT,HAKAI,OCEANOGRAPHY,RVRS,2,DFO2,M,,CX7170,5,5.296761,2018-04-25T19:10:02.000Z,2018-04-25T21:44:08.000Z,,,1000,lucy.quayle;brent.rayner,1,,,,,,,,,,,,,,,,,,,,,,,,,,,,,,,,,,,,,,,,,,,,,,Collected,Technicianm,,1: Sample metadachecked by CM2: Changed bottom depth of NUT from 310 to 300.
,379207,1,2018-04-28,CALVERT,HAKAI,OCEANOGRAPHY,FZH,2,KC10,M,,CX7173,5,7.1091444,2018-04-28T16:18:46.000Z,2018-04-28T19:48:01.000Z,,,1000,lucy.quayle;chris.mackenzie,1,,,,,,,,,,,,,,,,,,,,,,,,,,,,,,,,,,,,,,,,,,,,,,Collected,Technicianm,,1: Event Metadata QCed by EJ2: Sample metadachecked by CM
,399120,1,2018-05-23,CALVERT,HAKAI,OCEANOGRAPHY,FZH,1,KC10,M,,CX7176,5,,2018-05-23T16:28:42.000Z,2018-05-23T20:40:57.000Z,,,1000,bryn.fedje;emma.myers;lucy.quayle,1,,,,,,,,,,,,,,,,,,,,,,,,,,,,,,,,,,,,,,,,,,,,,,Collected,Technicianm,,1: Event Metadata QC'D by CO2: Sample metadata QC'd by EM3: Sample Metadata Qc'd by BR4: Deleted duplicate record for YSI at 5 m
,404835,1,2018-05-29,CALVERT,HAKAI,OCEANOGRAPHY,QCS_V1,1,QCS01,M,,CX7174,5,,2018-05-29T17:48:31.000Z,2018-05-29T21:00:14.000Z,,,1000,brent.rayner;bryn.fedje;chris.osullivan;emma.myers;lucy.quayle,1,,,,,,,,,,,,,,,,,,,,,,,,,,,,,,,,,,,,,,,,,,,,,,Collected,Technicianm,,1: Event metadata QC'd by EM2: Sample Metadata Qc'd by BR3: Sample metadata QC'd by EM
,405328,1,2018-05-30,CALVERT,HAKAI,OCEANOGRAPHY,RVRS,2,DFO2,M,,CX7183,5,5.9083523,2018-05-30T19:43:28.000Z,2018-05-30T22:30:18.000Z,,,1000,brent.rayner;bryn.fedje;chris.osullivan;emma.myers;lucy.quayle,1,,,,,,,,,,,,,,,,,,,,,,,,,,,,,,,,,,,,,,,,,,,,,,Collected,Technicianm,,1: Event Metadat Qc'd by BR2: Sample Metadata Qc'd by BR3: Sample metadata QC'd by EM
,411455,1,2018-06-19,CALVERT,HAKAI,OCEANOGRAPHY,RVRS,1,DFO2,M,,CX7189,5,7.0249757,2018-06-19T19:21:55.000Z,2018-06-19T21:21:57.000Z,,,1000,brent.rayner;bryn.fedje;lucy.quayle,1,,,,,,,,,,,,,,,,,,,,,,,,,,,,,,,,,,,,,,,,,,,,,,Collected,Technicianm,,1: Sample metadata QCd by BF2: Event metadata QC'd by CM
,412471,1,2018-06-27,CALVERT,HAKAI,OCEANOGRAPHY,FZH,2,KC10,M,,CX7186,5,6.409165,2018-06-27T16:26:08.000Z,2018-06-27T21:16:45.000Z,,,1000,brent.rayner;bryn.fedje;chris.mackenzie;lucy.quayle,1,,,,,,,,,,,,,,,,,,,,,,,,,,,,,,,,,,,,,,,,,,,,,,Collected,Technicianm,,1: Sample metadata QCd by BF2: Event metadata QCd by BF
,419450,1,2018-07-14,CALVERT,HAKAI,OCEANOGRAPHY,QCS_V1,2,QCS01,M,,CX7191,5,5.4497161,2018-07-14T16:53:55.000Z,2018-07-14T19:46:02.000Z,,,1000,brent.rayner;emma.myers;eva.jordison;lucy.quayle,1,,,,,,,,,,,,,,,,,,,,,,,,,,,,,,,,,,,,,,,,,,,,,,Collected,Technicianm,,1: Sample Metadata QCd by LQ.2: Event metadata QC'd by EM
,417973,1,2018-07-15,CALVERT,HAKAI,OCEANOGRAPHY,FZH,1,KC10,M,,CX7192,5,,2018-07-15T15:54:25.000Z,2018-07-15T19:41:38.000Z,,,1000,brent.rayner;emma.myers;eva.jordison;lucy.quayle,1,,,,,,,,,,,,,,,,,,,,,,,,,,,,,,,,,,,,,,,,,,,,,,Collected,Technicianm,,1: Sample Metadata QCd by LQ.2: Event Metadata QCd by EJ
,420168,1,2018-07-24,CALVERT,HAKAI,OCEANOGRAPHY,RVRS,1,DFO2,M,,CX7195,5,,2018-07-24T19:44:32.000Z,2018-07-24T23:39:11.000Z,,,1000,bryn.fedje;eva.jordison;lucy.quayle;Colleen,1,,,,,,,,,,,,,,,,,,,,,,,,,,,,,,,,,,,,,,,,,,,,,,Collected,Technicianm,,1: Sample Metadata QCd by LQ.2: Event Metadata QCd by EJ
,422577,1,2018-08-19,CALVERT,HAKAI,OCEANOGRAPHY,FZH,2,KC10,M,,CX7198,5,5.8377627,2018-08-19T17:25:51.000Z,2018-08-19T21:25:54.000Z,,,1000,brent.rayner;lucy.quayle,1,,,,,,,,,,,,,,,,,,,,,,,,,,,,,,,,,,,,,,,,,,,,,,Collected,Technicianm,,1: Sample Metadata Qc'd by BR2: Event Metadata QCd by CO
,424640,1,2018-08-21,CALVERT,HAKAI,OCEANOGRAPHY,RVRS,2,DFO2,M,,CX7199,5,6.1766774,2018-08-21T20:23:07.000Z,2018-08-21T23:21:15.000Z,,,1000,chris.mackenzie;chris.osullivan;lucy.quayle,1,,,,,,,,,,,,,,,,,,,,,,,,,,,,,,,,,,,,,,,,,,,,,,Collected,Technicianm,,1: Sample Metadata Qc'd by BR2: Event Metadata QCd by LQ.
,427647,1,2018-08-28,CALVERT,HAKAI,OCEANOGRAPHY,QCS_V1,2,QCS01,M,,CX8202,5,5.7837382,2018-08-28T16:44:00.000Z,2018-08-28T23:11:20.000Z,,,1000,brent.rayner;lucy.quayle,1,,,,,,,,,,,,,,,,,,,,,,,,,,,,,,,,,,,,,,,,,,,,,,Collected,Technicianm,,1: Sample Metadat QC'd by BR2: Event Metadata QCd by EJ
,429169,1,2018-09-11,CALVERT,HAKAI,OCEANOGRAPHY,FZH,1,KC10,M,,CX8205,5,5.2386964,2018-09-11T17:05:23.000Z,2018-09-11T23:40:03.000Z,,,1000,brent.rayner;bryn.fedje;emma.myers;lucy.quayle,1,,,,,,,,,,,,,,,,,,,,,,,,,,,,,,,,,,,,,,,,,,,,,,Collected,Technicianm,,1: Event Metadata has been QCd by BF2: Sample Metadata Qc'd by BR
,430718,1,2018-09-13,CALVERT,HAKAI,OCEANOGRAPHY,QCS_V1,1,QCS01,M,,CX8206,5,,2018-09-13T17:05:09.000Z,2018-09-13T19:30:26.000Z,,,1000,emma.myers,1,,,,,,,,,,,,,,,,,,,,,,,,,,,,,,,,,,,,,,,,,,,,,,Collected,Technicianm,,1: Event metadata QC'd by EM2: Sample Metadata Qc'd by BR
,430753,1,2018-09-14,CALVERT,HAKAI,OCEANOGRAPHY,RVRS,1,DFO2,M,,CX8208,5,4.9418127,2018-09-14T18:54:37.000Z,2018-09-14T23:07:51.000Z,,,1000,bryn.fedje;lucy.quayle,1,,,,,,,,,,,,,,,,,,,,,,,,,,,,,,,,,,,,,,,,,,,,,,Collected,Technicianm,,1: Sample Metadata Qc'd by BR2: Event Metadata QCd by LQ.
,438891,1,2018-10-23,CALVERT,HAKAI,OCEANOGRAPHY,FZH,1,KC10,M,,CX8212,5,6.4711465,2018-10-23T17:33:23.000Z,2018-10-23T17:33:27.000Z,,,1000,bryn.fedje;chris.mackenzie;emma.myers,1,,,,,,,,,,,,,,,,,,,,,,,,,,,,,,,,,,,,,,,,,,,,,,Collected,Technicianm,,1: HPLC sample metadata qc'd by CM2: Event metadata QC'd by EM
,447159,1,2018-11-21,CALVERT,HAKAI,OCEANOGRAPHY,FZH,1,KC10,M,,CX8217,5,3.8849069,2018-11-21T21:59:28.000Z,2018-11-21T22:57:07.000Z,,,1000,bryn.fedje,1,,,,,,,,,,,,,,,,,,,,,,,,,,,,,,,,,,,,,,,,,,,,,,Collected,Technicianm,,1: Event Metadata QCd by LQ.2: HPLC Metadata QCd by LQ.
,447200,1,2018-11-22,CALVERT,HAKAI,OCEANOGRAPHY,RVRS,1,DFO2,M,,CX8216,5,,2018-11-22T19:59:59.000Z,2018-11-23T00:10:17.000Z,,,1000,bryn.fedje;lucy.quayle,1,,,,,,,,,,,,,,,,,,,,,,,,,,,,,,,,,,,,,,,,,,,,,,Collected,Technicianm,,1: HPLC Metadata QCd by LQ.2: Event Metadata QC'd by CO
,458863,1,2019-01-21,CALVERT,HAKAI,OCEANOGRAPHY;OCEANOGRAPHY,KWAK;FZH,1,KC10,M,,CX8221,5,6.6867098,2019-01-21T17:05:49.000Z,2019-01-21T22:53:59.000Z,2020-03-28T07:00:00.000Z,,1000,bryn.fedje;chris.osullivan,1,,,,,,,,1000,,,0,0,0.021034427837901416,0.02175781328630537,0,0.05791954215890913,,0.8917679763406593,0.11631681028839626,,0.11847058402273734,,0,0.07935982800614426,0.013265224137273837,0.05390774585030714,0.09295377356662578,0.01585197149113529,,0.6116292960926115,0,0,,,0.03409939972919145,0.08828769331851793,,,0.048725849605234774,0.04793754256969813,0.010982270593923074,0.9711278043468036,1.0383007743343844,,USC,Results,Technicianm,,1: Event QC'd by EM2: HPLC sample metadata QC'd by CM
,458874,1,2019-01-24,CALVERT,HAKAI,OCEANOGRAPHY,RVRS,1,DFO2,M,,CX8224,5,3.9412963,2019-01-24T18:06:48.000Z,2019-01-24T23:15:16.000Z,2020-03-28T07:00:00.000Z,,1000,bryn.fedje,1,,,,,,,,1000,,,0,0.013976079084874344,0,0.007662549832246633,0,0.0189154848065686,,0.3996890319160956,0.08025225605666071,,0.031780446691323176,,0,0,0,0.01991899011658744,0.05251325082851016,0,,0.24949747584445026,0,0.03271922714158536,,,0.03159353291541734,0.07202902105102078,,,0.040136490291456495,0.04775467460184619,0.008683181115226899,0.3996890319160956,0.41960802203268305,,USC,Results,Technicianm,,1: HPLC sample metadata QC'd by CM2: Event metadata QC'd by EM
,470813,1,2019-02-14,CALVERT,HAKAI,OCEANOGRAPHY,KWAK,3,KC10,M,,CX8226,5,5.6885904,2019-02-14T20:24:58.000Z,2019-02-15T00:04:14.000Z,2020-03-28T07:00:00.000Z,,1000,chris.osullivan;isabelle.desmarais,1,,,,,,,,1000,,,0.029063212384811292,0.01756806052701124,0.009656835851009534,0.015653016451216414,0,0,,0.4393213581624547,0.12055681171319212,,0.0325131872736708,,0.0072798464555603876,0,0.013094008563012677,0.023256676904924174,0.0630273900307073,0.015316003769971024,,0.24036311154296205,0,0.030293578753503025,,,0.03662271686340245,0.07574388734562672,,,0.06301224131088812,0.05229315649276887,0.00827761491194524,0.4393213581624547,0.47567204363039156,,USC,Results,Technicianm,,1: Sample events QC'd by CM2: hplc sample metadata qcd by CM
,472409,1,2019-02-19,CALVERT,HAKAI,OCEANOGRAPHY,RVRS,2,DFO2,M,,CX8227,5,3.8971102,2019-02-19T18:11:28.000Z,2019-02-19T23:09:34.000Z,2020-03-28T07:00:00.000Z,,1000,chris.mackenzie,1,,,,,,,,1000,,,0,0.01815676205334909,0.011396551845378364,0.009663658765114836,0,0.04615668373700159,,0.8586573104243576,0.1254646956727409,,0.06539080322396153,,0.02142725353061554,0,0.007539171120782758,0.04111899429221914,0.08383386304605757,0.016576545192237026,,0.5309568465517516,0,0,,,0.039822542245388164,0.09012892457987066,,,0.061262234503212804,0.057158596679709565,0.1553029328803742,0.8586573104243576,0.9073154758373594,,USC,Results,Technicianm,,1: Event metadata QCd by CO. Used a different YSI than usual; WTS YSI2: hplc sample metadata qcd by CM
,504419,1,2019-03-13,CALVERT,HAKAI,OCEANOGRAPHY,KWAK,1,KC10,M,,CX8228,5,8.0094403,2019-03-13T16:57:13.000Z,2019-03-13T18:08:46.000Z,2020-03-28T07:00:00.000Z,,1000,bryn.fedje;chris.mackenzie;emma.myers,1,,,,,,,,1000,,,0.03274235119232623,0.02623647843423338,0.03867690513612846,0.05908353540315504,0,0.05703848887455506,,1.1897585409638725,0.26833363095651824,,0.08342541547436554,,0.020699488231740594,0,0.07315164021301183,0.06785254560475776,0.09290673068907705,0.0173727750257526,,0.47528208856257115,0,0.03330474013876391,,,0.05729222524466698,0.09264109799654092,,,0.09671846619501492,0.07013550650833592,0.012190386172826882,1.1897585409638725,1.3307627267816422,,USC,Results,Technicianm,,1: HPLC metadata QCd by EJ2: Event metadata QC'd by CM
,494335,1,2019-03-15,CALVERT,HAKAI,OCEANOGRAPHY,RVRS,1,DFO2,M,,CX8230,5,5.7185966,2019-03-15T17:41:27.000Z,2019-03-15T22:30:43.000Z,2020-03-28T07:00:00.000Z,,1000,bryn.fedje;emma.myers,1,,,,,,,,1000,,,0,0,0,0.03885912995671796,0,0.4142350118500111,,5.602321471240891,0.27239664606152675,,0.8798717522400005,,0,0.45980604990352203,0.11542055869972372,0.3665416314162783,0.28831878398094685,0.041855797748906846,,3.353642900886108,0,0,,,0,0,,,0,0,0.1965275776343763,6.062127521144412,6.544089711260415,,USC,Results,Technicianm,,1: HPLC metadata QCd by EJ2: sample submitted before photo was taken3: Event QC'd by EM4: 0m water was collected shortly after the other depths due to niskin shortage
,508095,1,2019-04-18,CALVERT,HAKAI,OCEANOGRAPHY,KWAK,1,KC10,M,,CX8232,5,6.2188644,2019-04-18T16:25:02.000Z,2019-04-18T21:06:02.000Z,2020-03-28T07:00:00.000Z,,1000,bryn.fedje;chris.mackenzie;eva.jordison,1,,,,,,,,1000,,,0,0.0275237049873926,0,0.01858126329956379,0.029484443185690105,0.04637007090182547,,0.7311972485527396,0.08150645249417557,,0.0559291746676097,,0,0,0.029146902268948265,0.0423985547160389,0.07303273314806874,0.020270598743069083,,0.4127055068104326,0,0,,,0.03720194176891878,0.10420163800671071,,,0,0,0.01790771158518858,0.7311972485527396,0.8027427055377268,,USC,Results,Technicianm,,1: HPLC sample metadata QCd by CM2: Event metadata QCd by CM
,508006,1,2019-04-19,CALVERT,HAKAI,OCEANOGRAPHY,RVRS,1,DFO2,M,,CX8231,5,5.2652655,2019-04-19T17:30:30.000Z,2019-04-19T18:17:16.000Z,2020-03-28T07:00:00.000Z,,1000,bryn.fedje;chris.mackenzie;eva.jordison,1,,,,,,,,1000,,,0,0,0,0.030625921098138987,0.041573070912206106,0.11505751505105612,,1.8130994590334877,0.17589320042639855,,0.17685702738145145,,0,0.07918146564851145,0.034409667477372424,0.13238815300435197,0.1212981936739983,0.027500309522800057,,0.9844287867214206,0,0.036160672814176086,,,0.047037650758755614,0.14050281632363698,,,0,0.049598067379475246,0.013971128424277389,1.8922809246819992,2.0590787451637236,,USC,Results,Technicianm,,1: HPLC sample metadata QCd by CM2: Event Metadata QCd by BF
,512538,1,2019-05-11,CALVERT,HAKAI,OCEANOGRAPHY,KWAK,1,KC10,M,,CX8235,5,6.0717339,2019-05-11T17:16:14.000Z,2019-05-11T21:51:26.000Z,2020-03-28T07:00:00.000Z,,1000,chris.osullivan;emma.myers,1,,,,,,,,1000,,,0,0.02160516209589142,0.0833044414611489,0.15578322535837077,0.07364482113541096,0.2867157605352019,,4.4506359602338845,0.35277165660730037,,0.5735733587962161,,0.7871269802144694,0.27073366626752277,0.1389381287145905,0.11494975153887238,0.284713268752444,0.047851614245652305,,2.874088502962276,0,0.04488343092827634,,,0.060197049840541646,0.4479520053260331,,,0.09046555768426906,0.06700126347010647,0.0455921378527724,4.721369626501407,4.97525750675487,,USC,Results,Technicianm,,1: HPLC Metadata QCd by EJ2: Event Metadata QC'd by CO
,511965,1,2019-05-13,CALVERT,HAKAI,OCEANOGRAPHY,QCS_V1,1,QCS01,M,,CX8214,5,5.5839875,2019-05-13T16:38:03.000Z,2019-05-13T19:00:21.000Z,2020-03-28T07:00:00.000Z,,1000,chris.osullivan;emma.myers;eva.jordison;isabelle.desmarais,1,,,,,,,,1000,,,0,0,0,0.12161025871904642,0.14831513315326944,0.7350709334974781,,9.853925555705414,0.3357392404189901,,2.310965739405803,,0,1.5619988315830013,0.18580749681623113,0.5556649087178474,0.8910054533782057,0.08551481541701915,,8.30067131508621,0,0,,,0,0,,,0,0,0.3231054595772246,11.415924387288415,12.157396792822494,,USC,Results,Technicianm,,1: Event QC'd by EM2: HPLC Metadata QCd by EJ
,512532,1,2019-05-14,CALVERT,HAKAI,OCEANOGRAPHY,RVRS,1,DFO2,M,,CX8236,5,5.0612237,2019-05-14T19:17:35.000Z,2019-05-15T00:36:42.000Z,2020-03-28T07:00:00.000Z,,1000,chris.osullivan;emma.myers;eva.jordison;isabelle.desmarais,1,,,,,,,,1000,,,0,0.1323007731422804,0.27075639373065796,0.3352955102278907,0.11354120563799304,0.3587904308142503,,5.681861990270918,0.9951203887727629,,0.619928361710435,,0.23551996768362082,0,0.16039417317982635,0.1577298244083584,0.31389890650137353,0.04662597078854329,,2.6875371568976227,0,0.045138152566416095,,,0.2203696905036896,0.26383725956813237,,,0.4475708556465853,0.2065483477517344,0.1383692106062896,5.681861990270918,5.999985987859103,,USC,Results,Technicianm,,1: HPLC Metadata QCd by EJ2: Event Metadata QCd by ID
,521308,1,2019-06-09,CALVERT,HAKAI,OCEANOGRAPHY,QCS_V1,2,QCS01,M,,CX8237,5,6.0620178,2019-06-09T13:46:21.000Z,2019-06-09T18:34:36.000Z,2020-03-28T07:00:00.000Z,,1000,bryn.fedje;eva.jordison,1,,,,,,,,1000,,,0,0.12912656782545667,0.03968640029267934,0.03694060684410046,0.051912704818971984,0.15314092710600744,,2.610372080016715,0.18800508969777022,,0.32115391824904377,,0.08174506060117664,0,0.0995714582172482,0.07702581865354434,0.24218248612657048,0.031071108435323295,,1.4768681962887718,0,0,,,0.06753727454724562,0.1688433359833033,,,0.0805217719020648,0.061648371423506036,0.04712825637024654,2.610372080016715,2.7869693568875076,,USC,Results,Raw,,1: Event Metadata QCd by EJ
,521370,1,2019-06-10,CALVERT,HAKAI,OCEANOGRAPHY,KWAK,1,KC10,M,,CX8239,5,6.3645253,2019-06-10T15:34:10.000Z,2019-06-10T20:16:04.000Z,2020-03-28T07:00:00.000Z,,1000,bryn.fedje;eva.jordison,1,,,,,,,,1000,,,0,0.11958877351025571,0.06347819161349137,0.0754114954737141,0.048620388475230834,0.2621969389425418,,4.326485456364569,0.3156102117180576,,0.4140262810197985,,0.12956877587800425,0,0.2137112009191812,0.12868140264148722,0.2383561900103673,0.035363416167360245,,2.3418104896098484,0.03522065453644966,0.042444329247119196,,,0.06308959028991014,0.24287454399213942,,,0.09216884695956733,0.06224338289618376,0.04880675503942847,4.326485456364569,4.6688780599252375,,USC,Results,Raw,,1: Event metadata QCd by EJ
,521402,1,2019-06-11,CALVERT,HAKAI,OCEANOGRAPHY,RVRS,1,DFO2,M,,CX8238,5,5.9763389,2019-06-11T18:50:18.000Z,2019-06-11T21:40:06.000Z,2020-03-28T07:00:00.000Z,,1000,eva.jordison;Jennifer Jackson,1,,,,,,,,1000,,,0,0,0,0.07778316849569862,0.0973406978916309,0.2668337779519664,,2.949939058242327,0.09027361146097392,,0.6985406361956485,,0,0.390693824643839,0.1264907628352323,0.09021160591118604,0.30110271661966315,0.05383815881081593,,1.9798030196706746,0,0.047343569239382204,,,0,0,,,0,0,0.02586054196160941,3.340632882886166,3.5573352516325847,,USC,Results,Raw,,1: Event Metadata QC'd by CO
,524338,1,2019-07-06,CALVERT,HAKAI,OCEANOGRAPHY,RVRS,1,DFO2,M,,CX8241,5,5.4072026,2019-07-06T18:57:34.000Z,2019-07-06T20:13:31.000Z,2020-03-28T07:00:00.000Z,,1000,chris.mackenzie;eva.jordison;isabelle.desmarais,1,,,,,,,,1000,,,0,0.08449944884736879,0.07198662902411856,0.09907923758574468,0.03691755670065854,0.3108349317599928,,4.976592199573965,0.408112700883051,,0.5718956291301828,,0,0,0.14681933930681534,0.14181683121638847,0.2310677572830886,0.029765400053662974,,2.7673186703611172,0,0.03938140355990592,,,0.0798328340658034,0.3441214058503507,,,0.12437857924826742,0.07103311247531272,0.09713105370645601,4.976592199573965,5.2652283700971685,,USC,Results,Technicianm,,1: photo not taken before sample submitted2: HPLC metadata QCd by EJ3: event qcd by cm
,524343,1,2019-07-07,CALVERT,HAKAI,OCEANOGRAPHY,QCS_V1,2,QCS01,M,,CX8244,5,6.1505411,2019-07-07T17:02:47.000Z,2019-07-07T20:37:55.000Z,2020-03-28T07:00:00.000Z,,1000,chris.mackenzie;eva.jordison;isabelle.desmarais,1,,,,,,,,1000,,,0,0.2987358264510281,0.0622754751285254,0.07451955162827639,0.07967566926814228,0.2735297845044901,,4.393380296046247,0.20446591377988474,,0.6456978257717619,,0.22301277645592768,0,0.1938690625939425,0.1715544413633156,0.33204221693475566,0.0390851269078339,,2.406964956529025,0.04063073529020013,0,,,0,0.4106080005907913,,,0,0.07528013094677546,0.082042757699476,4.393380296046247,4.758803800003505,,USC,Results,Technicianm,,1: photo not taken before sample submitted2: HPLC metadata QCd by EJ3: event qcd by cm
,524311,1,2019-07-10,CALVERT,HAKAI,OCEANOGRAPHY,KWAK,1,KC10,M,,CX8242,5,5.614761,2019-07-10T20:55:03.000Z,2019-07-10T22:51:19.000Z,2020-03-28T07:00:00.000Z,,1000,chris.mackenzie;eva.jordison;isabelle.desmarais,1,,,,,,,,1000,,,0,0.07812699994268185,0.023922300750205124,0.032669732357506975,0.0456239355497033,0.11567812545622774,,1.4606170787891164,0.08810407248432649,,0.28426610813919057,,0,0,0.06114001119179338,0.08023829718137146,0.2414399538310737,0.04388432466389361,,0.9497193670210958,0.04742715654782235,0,,,0,0.26787685360094,,,0,0.0531773348784924,0.041319152552199874,1.4606170787891164,1.6019953871622814,,USC,Results,Technicianm,,1: Event Metadata QCd by EJ2: HPLC metadata QCd by EJ
,1059112,1,2019-08-03,CALVERT,HAKAI,OCEANOGRAPHY,KWAK,1,KC10,M,,CX8246,5,5.5430193,2019-08-03T16:12:54.000Z,2019-08-03T19:48:37.000Z,2020-03-28T07:00:00.000Z,,1000,bryn.fedje;chris.osullivan,1,,,,,,,,1000,,,0,0.1200878505122462,0,0.08374780931443351,0,0.09170640349456272,,1.4580378973399357,0.2557495030372967,,0.13989185201036924,,0.04256720670135903,0,0.09768090214891798,0.06619475670634306,0.11039604677806153,0.026603782184837985,,0.681207395855485,0,0,,,0.05243507735250595,0.1481083868756319,,,0.10673686391186399,0.060148047759159495,0.10820736916539876,1.4580378973399357,1.6219135561951967,,USC,Results,Technicianm,,1: Event Metadata QC'd by CO2: hplc qcd by cm
,1059388,1,2019-08-05,CALVERT,HAKAI,OCEANOGRAPHY,RVRS,1,DFO2,M,,CX8247,5,5.2733685,2019-08-05T18:03:51.000Z,2019-08-05T21:29:01.000Z,2020-03-28T07:00:00.000Z,,1000,bryn.fedje;chris.mackenzie,1,,,,,,,,1000,,,0,0.06882661967726882,0.27442804419007866,0.37988265414428846,0.039279041586360766,0.25490069086107103,,3.6427516472330024,0.9588577893690104,,0.3212580362029163,,0,0.23032539757466577,0.08486166776552574,0.18765230954794307,0.16243527302150979,0.033415670883514645,,1.1408455158377315,0.029010395510518452,0.08574917561851607,,,0.20802844231240764,0.21353591752823922,,,0.2946648192688364,0.18508274393043217,0.3182269146919401,3.873077044807668,4.145591022121137,,USC,Results,Technicianm,,1: hplc qcd by cm2: Event QCd by cm
,1058444,1,2019-08-06,CALVERT,HAKAI,OCEANOGRAPHY,QCS_V1,1,QCS01,M,,CX8245,5,5.520199,2019-08-06T16:33:17.000Z,2019-08-06T19:25:35.000Z,2020-03-28T07:00:00.000Z,,1000,chris.osullivan,1,,,,,,,,1000,,,0,0.5369458858872006,0.007169678337512764,0.0831632618491838,0.02697131320232204,0.34338001371009796,,4.846867206203171,0.4287566572697848,,0.591432587036396,,0.19669216138545695,0,0.15855708161317117,0.20898334466355564,0.35840666391066606,0.04658551410116769,,2.3849823576963227,0,0,,,0,0.46539139807195273,,,0.2658241961803962,0.09773102191491544,0.1620986636994434,4.846867206203171,5.214407632479897,,USC,Results,Technicianm,,1: Event metadata QCd by BF2: hplc qcd by cm
,1599380,1,2019-08-31,CALVERT,HAKAI,OCEANOGRAPHY,QCS_V1,1,QCS01,M,,CX8250,5,5.3257499,2019-08-31T16:37:01.000Z,2019-08-31T22:52:00.000Z,2020-03-28T07:00:00.000Z,,1000,bryn.fedje,1,,,,,,,,1000,,,0.3036126394012094,0.5176738616419007,0.19656990849010314,0.24320037962385013,0.030932902838938185,0.34152289695703003,,4.4482240841870935,0.6709261944511006,,0.5214299226919162,,0.31491778866488884,0,0.1064429751522866,0.2720878429127669,0.42264190575666544,0.08214902504167489,,1.4407314679743592,0,0.04357081418184364,,,0.1554114916407534,0.7028586820286353,,,0.1605333063462438,0.2604086333947885,0.11085732479938298,4.4482240841870935,4.826754902252147,,USC,Results,Technicianm,,1: Sampling Event QC'd by CO2: Metadata QC'd by ID
,1599469,1,2019-09-01,CALVERT,HAKAI,OCEANOGRAPHY,KWAK,1,KC10,M,,CX8248,5,5.7034921,2019-09-01T15:49:13.000Z,2019-09-01T22:32:56.000Z,2020-03-28T07:00:00.000Z,,1000,bryn.fedje;chris.osullivan;isabelle.desmarais,1,,,,,,,,1000,,,0.06245291234928366,0.18823971974055848,0.14169590978995783,0.18394735862091036,0.058360450297167174,0.36668272445603056,,4.029341653408525,0.631193368026653,,0.37534299971038937,,0.14785498850724219,0,0.07464976489483767,0.22062544254306055,0.2224424752014195,0.031562337327225944,,1.404513823721998,0,0.041066229976043776,,,0.13627484116804423,0.47093700938085026,,,0.1814509372951516,0.39705271163758243,0.13569699233616941,4.029341653408525,4.324616860846424,,USC,Results,Technicianm,,1: Event metadata QCd by BF2: Metadata QC'd by ID
,1599679,1,2019-09-02,CALVERT,HAKAI,OCEANOGRAPHY,RVRS,1,DFO2,M,,CX8251,5,5.6158641,2019-09-02T19:12:30.000Z,2019-09-02T22:00:06.000Z,2020-03-28T07:00:00.000Z,,1000,bryn.fedje;chris.osullivan;isabelle.desmarais,1,,,,,,,,1000,,,0,0,0.060032394130100045,0.08188990714893463,0.02266668319327777,0.41518937327443806,,5.951705966316091,0.1905410485160562,,0.7500034783844012,,0,0.4411733464112835,0.26289794514797904,0.27423570735020686,0.3350810863691182,0.03976137047232491,,3.216970829274835,0,0.04180048968626298,,,0.09387206502466078,0.2963419759403575,,,0,0.06959400881150246,0.04316776521393851,6.392879312727374,6.93001296522556,,USC,Results,Technicianm,,1: Sampling Event QC'd by CO2: Metadata QC'd by ID
,1639261,1,2019-10-01,CALVERT,HAKAI,OCEANOGRAPHY,KWAK,1,KC10,M,,CX8249,5,6.3840941,2019-10-01T18:17:48.000Z,2019-10-01T21:43:01.000Z,2020-03-28T07:00:00.000Z,,1000,emma.myers,1,,,,,,,,1000,,,0.02980106494788037,0.026860989832308037,0.02767662254001998,0.04016709509452773,0,0.054302937075534755,,0.7693661813996007,0.16973819775313775,,0.05473630546918665,,0.00931665351562248,0,0,0.045374904146968154,0.06861046073858726,0.015744077270369736,,0.30676795344728064,0,0,,,0.04365184712092088,0.09473206265725033,,,0.07280265528463654,0.07207230401221232,0.04454843731534001,0.7693661813996007,0.8147410855465689,,USC,Results,Technicianm,,1: HPLC metadata QC'd by EM.2: Event metadata QC'd by cm
,1637869,1,2019-10-04,CALVERT,HAKAI,OCEANOGRAPHY,RVRS,1,DFO2,M,,CX8252,5,6.0013831,2019-10-04T18:46:30.000Z,2019-10-04T18:50:29.000Z,2020-03-28T07:00:00.000Z,,1000,emma.myers,1,,,,,,,,1000,,,0,0.020209251269008396,0.06291574481477752,0.06999608118133101,0.03562294141272793,0.09326228176689631,,1.4429194918346573,0.5708747124020196,,0.09886251136784147,,0,0,0.04916190413651746,0.059304217137271596,0.07712846089358465,0.019625005869441214,,0.4110373630405305,0,0.045020946577907256,,,0.10750892108171396,0.14514261571851636,,,0.1906685434542061,0.08276795468632778,0.04269047459062728,1.4429194918346573,1.5513856131084462,,USC,Results,Technicianm,,1: HPLC metadata QC'd by EM.
,1637775,1,2019-10-05,CALVERT,HAKAI,OCEANOGRAPHY,QCS_V1,1,QCS01,M,,CX8253,5,14.0700763,2019-10-05T18:05:36.000Z,2019-10-05T19:45:06.000Z,2020-03-28T07:00:00.000Z,,1000,chris.mackenzie,1,,,,,,,,1000,,,0.12950038618508689,0.2895644218295857,0.05607336034571542,0.07516821244508118,0.03492692100424836,0.095862573496435,,1.8165134228098183,0.1668503089471373,,0.2370280279311509,,0.15339546030425796,0,0.031727303469966744,0.08382622945884145,0.16764947064483654,0.03221522239983093,,0.7947146461018759,0,0.034036722634981545,,,0.061169619328333404,0.17993711762872258,,,0.0854754881763622,0.06685987215353253,0.05434404313840166,1.8165134228098183,1.9320669557386265,,USC,Results,Technicianm,,1: No YSI for 5m POM2: HPLC metadata QC'd by EM.3: Event metadata QC'd by EM
,1662851,1,2019-11-25,CALVERT,HAKAI,OCEANOGRAPHY,RVRS,1,DFO2,M,,CX8255,5,5.3555159,2019-11-25T18:38:52.000Z,2019-11-25T22:08:05.000Z,2020-03-28T07:00:00.000Z,,1000,chris.mackenzie;chris.osullivan;eva.jordison,1,,,,,,,,1000,,,0,0.014297437833637287,0.017733979838148315,0.021980232859854534,0,0,,0.3603545722367374,0.10498363444669075,,0.024791332550580455,,0,0,0,0.012081860697215839,0.04780011088850831,0,,0.15307417733911594,0,0.034320573087924376,,,0.036753388322205136,0.0830894712600206,,,0.0475922177839717,0.04947505890764672,0.013183582202708087,0.3603545722367374,0.37243643293395323,,USC,Results,Technicianm,,1: Events QCd by CM2: HPLC metadata QCd by EJ
,1664121,1,2019-11-26,CALVERT,HAKAI,OCEANOGRAPHY,KWAK,2,KC10,M,,CX8254,5,5.8185747,2019-11-26T17:39:21.000Z,2019-11-26T21:31:08.000Z,2020-03-28T07:00:00.000Z,,1000,chris.mackenzie;eva.jordison,1,,,,,,,,1000,,,0.03670993350960181,0.039549798930378216,0.033729173043811955,0.03724103050810476,0,0.039285237983149826,,0.6780591180206862,0.1635735559378184,,0.04812248261912951,,0.016512209822197157,0,0,0.026286273968250604,0.05887863722970414,0.014534420704402097,,0.2735885853868179,0,0.03160203427976454,,,0.043845600740117965,0.10135850410173167,,,0.05836831744710094,0.04892299925815931,0.017147407112826005,0.6780591180206862,0.7043453919889368,,USC,Results,Technicianm,,1: HPLC metadata QCd by EJ2: Event metadata QC'd by CO
,1664062,1,2019-11-28,CALVERT,HAKAI,OCEANOGRAPHY,QCS_V1,1,QCS01,M,,CX8256,5,6.7310094,2019-11-28T22:12:56.000Z,2019-11-28T23:57:31.000Z,2020-03-28T07:00:00.000Z,,1000,chris.osullivan;eva.jordison,1,,,,,,,,1000,,,0,0.023028289320232053,0.010756861469384758,0.014747908626661591,0,0,,0.2855082489788378,0.07379279283122417,,0.02268216000544896,,0,0,0,0.011351604590399942,0.04632396594950408,0,,0.15393283391938478,0,0,,,0.031853421683807975,0.07701457563451991,,,0.03902482018204564,0.04294429248750483,0.009050093146040411,0.2855082489788378,0.2968598535692378,,USC,Results,Technicianm,,1: Event Metadata QCd by EJ2: HPLC metadata QCd by EJ
,2254139,1,2020-01-14,CALVERT,HAKAI,OCEANOGRAPHY,KWAK,1,KC10,M,,CM401,5,6.1327561,2020-01-14T18:20:26.000Z,2020-01-14T21:03:47.000Z,,,1000,chris.mackenzie;emma.myers,1,,,,,,,,,,,,,,,,,,,,,,,,,,,,,,,,,,,,,,,,,,,,,,Not Available,Technicianm,,1: Lost all 5m samples except CO2. Location is wrong.2: HPLC metadata QCd by EJ3: Event metadata QC'd by EM.
,3401744,1,2020-02-11,CALVERT,HAKAI,OCEANOGRAPHY,KWAK,4,KC10,M,,CX8257,5,4.4878049,2020-02-11T19:14:29.000Z,2020-02-11T21:54:51.000Z,2021-02-11T08:00:00.000Z,,1000,chris.osullivan;eva.jordison,1,,,,,,,,1,,,0.02286911053710043,0.013045240413077426,0.006299874436440052,0.009251662860033377,0,0.02395949877711469,,0.42259754926732457,0.10775651993217863,,0.050578056040852665,,0,0,0.008850092012236438,0.03789082968973971,0.05030136152233626,0.00983223817286155,,0.2181614221933862,0,0.019762665816178457,,,0.026688376216384556,0.07508230005095778,,,0.04320469190367954,0.03679148359640222,0.007840995661520326,0.42259754926732457,0.46933847096930076,,USC,Results,Technicianm,,1: Event metadata QCd by EJ2: HPLC metadata QCd by EJ
,3401734,1,2020-02-12,CALVERT,HAKAI,OCEANOGRAPHY,RVRS,1,DFO2,M,,CX8258,5,5.2650071,2020-02-12T19:49:22.000Z,2020-02-12T22:00:32.000Z,2021-02-11T08:00:00.000Z,,1000,chris.mackenzie;chris.osullivan;eva.jordison,1,,,,,,,,1,,,0.019541090109713378,0.013252900767930908,0.014462997898859829,0.02532504883327709,0,0.0482613383887583,,0.9598601705063301,0.09238231268317526,,0.10193220659132844,,0,0,0.06321742550422728,0.06764589854095107,0.06091265569361959,0.010285134782293148,,0.4761115392360293,0,0.01886551173005408,,,0.02457849474350677,0.05973565659719352,,,0.04230454736960521,0,0.009636706779617421,0.9598601705063301,1.0907234945515085,,USC,Results,Technicianm,,1: HPLC metadata QCd by EJ2: Event QC'd by CO
,4589217,1,2020-04-30,CALVERT,HAKAI,OCEANOGRAPHY,KWAK,1,KC10,M,,CX8260,5,5.4522918,2020-04-30T17:07:29.000Z,2020-04-30T21:37:57.000Z,2021-02-11T08:00:00.000Z,,1000,,1,,,,,,,,1,,,0.08357865913437416,0,0.0025113285548089338,0.03417525969181576,0,0.49510561824583904,,7.9205217529204495,0,,1.0504127951487832,,0,0,0.7743704281569713,0.5714905165446966,0.3040075514058624,0.05287791407959223,,4.599697217873001,0,0,,,0,0.2872905737277382,,,0.12602034569193207,0,0.013423456315017934,7.9205217529204495,9.266382697622117,,USC,Results,Technicianm,,1: Sampling Event QC'd by CO2: HPLC metadata QCd by EJ
,4589182,1,2020-05-01,CALVERT,HAKAI,OCEANOGRAPHY,QCS_V1,1,QCS01,M,,CX8259,5,5.9573639,2020-05-01T17:23:17.000Z,2020-05-01T20:20:32.000Z,2021-02-11T08:00:00.000Z,,1000,chris.osullivan,1,,,,,,,,1,,,0.07187888940916963,0,0,0.02969719621836832,0,0.20486451249442048,,4.211213766629152,0.10088146275997366,,0.576892303522367,,0,0,0.4851912416723993,0.34136946717773575,0.2587087154116994,0.06503602539186547,,2.3680628505224512,0,0,,,0,0.20573004360653158,,,0,0,0,4.211213766629152,5.037774475479287,,USC,Results,Technicianm,,1: Event Metadata QCd by EJ2: HPLC metadata QCd by EJ
,4595938,1,2020-05-04,CALVERT,HAKAI,OCEANOGRAPHY,RVRS,1,DFO2,M,,CX8261,5,5.1326393,2020-05-04T18:51:52.000Z,2020-05-04T23:28:33.000Z,2021-02-11T08:00:00.000Z,,1000,eva.jordison,1,,,,,,,,1,,,0.04392173178588947,0.011671729901539547,0.03270550326120677,0.03635228931172836,0,0.16482791100263156,,2.42794377697657,0.04548534827389527,,0.3535876806277291,,0,0,0.06925080877045414,0.18654906321099043,0.26050428871880776,0.03471697856109019,,1.1976539438810736,0,0,,,0.023206321248052286,0.38542745086380786,,,0.04767907791055977,0.060594994229911374,0.016623427180903205,2.42794377697657,2.6837436489580146,,USC,Results,Technicianm,,1: Event metadata QCd by EJ2: HPLC metadata QCd by EJ
,5201782,1,2020-06-04,CALVERT,HAKAI,OCEANOGRAPHY,KWAK,1,KC10,M,,CX8262,5,8.7661304,2020-06-04T18:22:20.000Z,2020-06-04T22:13:50.000Z,2021-02-11T08:00:00.000Z,,1000,eva.jordison,1,,,,,,,,1,,,0.035979473530331506,0,0.053451419088171956,0.0753658714354727,0.014282231193018987,0.17426279974239234,,2.4863210841992203,0.2214921573655627,,0.3183608753962081,,0,0,0.09233107293665674,0.1882409368274812,0.22764457119423043,0.026938681908722808,,1.3798458884989397,0,0.024203368520343705,,,0.02959475883248193,0.19333173927603875,,,0.061435733552378746,0,0.05500210330559387,2.4863210841992203,2.7668930939633585,,USC,Results,Technicianm,,1: Event Metadata QC'd by CO2: HPLC metadata QCd by EJ
,5201938,1,2020-06-06,CALVERT,HAKAI,OCEANOGRAPHY,RVRS,1,DFO2,M,,CX8263,5,6.001353,2020-06-06T19:43:37.000Z,2020-06-06T22:48:26.000Z,2021-02-11T08:00:00.000Z,,1000,chris.mackenzie;chris.osullivan;eva.jordison,1,,,,,,,,1,,,0.04171069709743592,0.03478891316911116,0.028830641668640248,0.04905858084947741,0.013808102183030808,0.07064531836083096,,1.233955798475218,0.1804025683528644,,0.18585686106782462,,0,0,0.02323990795560116,0.0921485619793578,0.1808360063951371,0.024780957590752106,,0.47913474442079634,0,0.028290709484487003,,,0.05134526720345414,0.21086212190987108,,,0.10262370406057947,0.06816943701807118,0.043547977248809905,1.233955798475218,1.349344268410177,,USC,Results,Technicianm,,1: Event metadata QCd by CM2: HPLC metadata QCd by EJ
,5201919,1,2020-06-08,CALVERT,HAKAI,OCEANOGRAPHY,QCS_V1,2,QCS01,M,,CX8264,5,6.3947855,2020-06-08T16:11:05.000Z,2020-06-08T22:14:39.000Z,2021-02-11T08:00:00.000Z,,1000,chris.osullivan,1,,,,,,,,1,,,0.027731649870016903,0.053338624412492874,0.03556607950624892,0.047516728512731185,0.015595797459932738,0.14043989775591584,,2.1372104100801566,0.1880328354327094,,0.21036529810838295,,0,0,0.06102842341711783,0.16779150664734904,0.16803843629823334,0.021148316616399904,,0.9449678149151393,0,0.02223581134026037,,,0.04963241941633811,0.15648440785513365,,,0.07165733065432989,0,0.0434139765356403,2.1372104100801566,2.3660303401446234,,USC,Results,Technicianm,,1: Event metadata QCd by EJ2: HPLC metadata QCd by EJ
,6411886,1,2020-07-02,CALVERT,HAKAI,OCEANOGRAPHY,KWAK,1,KC10,M,,CX8265,5,5.7888833,2020-07-02T15:43:58.000Z,2020-07-02T18:31:11.000Z,2021-02-11T08:00:00.000Z,,1000,chris.mackenzie;chris.osullivan;eva.jordison,1,,,,,,,,1,,,0,0,0.08187677033022711,0.10181082175206817,0,0.38969686798463826,,5.130722668664839,0.23881295654473705,,0.8496460519633459,,0,0,0.14155928852188449,0.4197709239311827,0.2249248285954272,0.04233578358246067,,2.274266543248457,0,0,,,0,0.20129006864764235,,,0,0,0.09427362352530969,5.130722668664839,5.692052881117906,,USC,Results,Technicianm,,1: HPLC metadata QC'd by CO2: Event metadata QCd by EJ
,6411866,1,2020-07-05,CALVERT,HAKAI,OCEANOGRAPHY,QCS_V1,1,QCS01,M,,CX8266,5,5.4115741,2020-07-05T16:53:34.000Z,2020-07-05T19:53:09.000Z,2021-02-11T08:00:00.000Z,,1000,chris.mackenzie,1,,,,,,,,1,,,0.05235564156673137,0,0.043791090306899885,0.062006223530582744,0.032955055179412586,0.23004316937763497,,3.578852494608085,0.29278242575422586,,0.47321845699825366,,0,0,0.11275882267327911,0.29699781984070334,0.19345830974316933,0.037027479270010474,,1.605655433719597,0,0.028911121353348626,,,0.07786091968613706,0.16173793746705264,,,0.1121287330913862,0.05275336665264765,0.10299783091895069,3.578852494608085,3.9886091371220678,,USC,Results,Technicianm,,1: HPLC metadata QC'd by CO2: events qcd by cm
,6412146,1,2020-07-06,CALVERT,HAKAI,OCEANOGRAPHY,RVRS,1,DFO2,M,,CX8267,5,,2020-07-06T18:39:00.000Z,2020-07-06T22:01:00.000Z,2021-02-11T08:00:00.000Z,,1000,chris.mackenzie;chris.osullivan;eva.jordison,1,,,,,,,,1,,,0.028044748734424998,0,0.030896685418246375,0.050634019996556444,0,0.07004894423861721,,1.084748783536262,0.1939385023947593,,0.14478484406124126,,0,0,0.024952459774848782,0.08269098996506954,0.07764756704390809,0.01500305670823659,,0.41879816757173294,0,0.02240371404957304,,,0.05035734673965042,0.094715290561356,,,0.09445797743192115,0.06237730532394632,0.06496226448615337,1.084748783536262,1.1923922332761803,,USC,Results,Technicianm,,1: HPLC metadata QC'd by CO2: Sampling event QC'd by CO
,6413569,1,2020-08-07,CALVERT,HAKAI,OCEANOGRAPHY,KWAK,3,KC10,M,,CX8268,5,,2020-08-07T16:42:20.000Z,2020-08-07T20:32:25.000Z,2021-02-11T08:00:00.000Z,,1000,chris.osullivan;eva.jordison,1,,,,,,,,1,,,0.04681875231976092,0.056757067269500784,0.029769320030420255,0.03601364214759064,0.033690043475984435,0.17044898239983317,,2.8168704331736114,0.07940896682315965,,0.35736864729184264,,0,0,0.1718549217240968,0.21107391524891775,0.12946164139981223,0.02909264658956913,,1.297710291049228,0,0,,,0,0.14490497877603625,,,0,0.05529759704009651,0.02935285151601151,2.8168704331736114,3.199799270146626,,USC,Results,Technicianm,,1: HPLC metadata QCd by CM2: Event Metadata QCd by EJ
,7020147,1,2020-08-08,CALVERT,HAKAI,OCEANOGRAPHY,RVRS,1,DFO2,M,,CX8269,5,5.3722423,2020-08-08T19:24:34.000Z,2020-08-08T23:04:31.000Z,2021-02-11T08:00:00.000Z,,1000,chris.mackenzie;chris.osullivan,1,,,,,,,,1,,,0.03867134258337957,0,0.011104701297696803,0.017594364343660095,0,0.15772086701879612,,1.9808839007753523,0.12332247139168295,,0.3363045587033659,,0,0,0.04789517790275998,0.16085389116352944,0.13791152844115082,0.023785322903771982,,1.136507888621099,0,0.034455249628121576,,,0,0.10728680610786624,,,0,0,0.02479408150866229,1.9808839007753523,2.1896329698416417,,USC,Results,Technicianm,,1: Event metadata QC'd by CO2: HPLC metadata QCd by CM
,8241377,1,2020-09-03,CALVERT,HAKAI,OCEANOGRAPHY,KWAK,1,KC10,M,,CX8271,5,6.7267565,2020-09-03T15:59:00.000Z,2020-09-03T20:59:00.000Z,2021-02-11T08:00:00.000Z,,1000,chris.osullivan;Jen Jackson,1,,,,,,,,1,,,0.03852031797678759,0.052535955714661936,0.04093475383896944,0.05216838537539642,0.021182609949864945,0.0849549625392891,,1.348272110559538,0.23440569492337643,,0.1556406817935214,,0,0,0.07784971790007969,0.09590385920721495,0.07472437606621939,0.01668230902967241,,0.5270264499714272,0,0.023166592921257684,,,0.05350546422312449,0.12433083188967292,,,0.09651635181145737,0,0.04853005752354823,1.348272110559538,1.5220256876668328,,USC,Results,Technicianm,,1: Event metadata QCd by EJ2: HPLC metadata QC'd byCO
,8241405,1,2020-09-04,CALVERT,HAKAI,OCEANOGRAPHY,QCS_V1,1,QCS01,M,,CX8270,5,6.6905517,2020-09-04T20:07:37.000Z,2020-09-04T23:02:37.000Z,2021-02-11T08:00:00.000Z,,1000,chris.osullivan;eva.jordison,1,,,,,,,,1,,,0.13466487546890835,0.31861591928913185,0.07908351583788943,0.11733224044283182,0.04503552726055795,0.18103437832889144,,2.002713987398614,0.5547390482534471,,0.24831124637922122,,0,0,0.02971915326880496,0.14232041506648838,0.181882930535881,0.04041443150558434,,0.6389514855007826,0.04720544192093167,0.04098406273000417,,,0.1198282884888149,0.18577897592011008,,,0.2463136116484555,0.13915707057383006,0.2656097959934253,2.002713987398614,2.1747535557339073,,USC,Results,Technicianm,,1: Event metadata QCd by EJ2: HPLC metadata QC'd byCO
,8241445,1,2020-09-05,CALVERT,HAKAI,OCEANOGRAPHY,RVRS,1,DFO2,M,,CX8272,5,6.2997207,2020-09-05T19:28:20.000Z,2020-09-05T23:17:13.000Z,2021-02-11T08:00:00.000Z,,1000,Jennifer Jackson,1,,,,,,,,1,,,0.018684740966257593,0,0.014812828945317682,0.022520061170324623,0.017747268812809962,0.030083759897430146,,0.5061790466014776,0.10044038814070236,,0.05542736908426612,,0,0,0.007242036816686338,0.04405280460783262,0.03791672076370021,0.012658022353354054,,0.2420185930892953,0,0.023361788238449168,,,0.03448781433496208,0.06041264535393668,,,0.046416775970818246,0,0.031455345680618634,0.5061790466014776,0.5574738880259966,,USC,Results,Technicianm,,1: HPLC metadata QC'd byCO2: Event QC'd by CO
,9464366,1,2020-10-01,CALVERT,HAKAI,OCEANOGRAPHY,KWAK,1,KC10,M,,CX8273,5,5.1112682,2020-10-01T16:44:46.000Z,2020-10-01T19:00:53.000Z,2021-02-11T08:00:00.000Z,,1000,chris.mackenzie;chris.osullivan;emma.myers,1,,,,,,,,1,,,0.0360638601060015,0.039011898348769294,0.04463254480212718,0.054718724400600674,0.015552650353287956,0.11062884007446774,,1.7168351718147525,0.20884775110023818,,0.19748365891011913,,0,0,0.03416633218901397,0.1139375346648966,0.11694103146661812,0.020029646159006827,,0.5823458283625061,0,0.03238128517334186,,,0.050376397419550106,0.25941927332375686,,,0.06318790889558419,0,0.03108011371274556,1.7168351718147525,1.864939038668663,,USC,Results,Raw,,1: Location Is wrong. Ysi done 30 minutes late.2: Event QC'd by EM.
,9464368,1,2020-10-02,CALVERT,HAKAI,OCEANOGRAPHY,QCS_V1,1,QCS01,M,,CX8274,5,6.1257577,2020-10-02T17:19:17.000Z,2020-10-02T20:58:24.000Z,2021-02-11T08:00:00.000Z,,1000,chris.osullivan,1,,,,,,,,1,,,0.03901019542887606,0.049237330726130416,0.02368094544942581,0.029152407049189897,0.021221734649470112,0.05125018647635229,,0.7537877270836956,0.1362456094407282,,0.08971687051534591,,0,0,0.011921633564796785,0.04998577743848477,0.06379811622302874,0.014075661167679042,,0.3012876663623076,0,0.0210494600364141,,,0.042680671210429816,0.12460220030369454,,,0.06881364020541789,0,0.03454064786527924,0.7537877270836956,0.8156951380869771,,USC,Results,Raw,,1: Metadata QC'd by CO
,9464740,1,2020-10-04,CALVERT,HAKAI,OCEANOGRAPHY,RVRS,1,DFO2,M,,CX8275,5,5.5167528,2020-10-04T18:23:04.000Z,2020-10-04T23:08:23.000Z,2021-02-11T08:00:00.000Z,,1000,chris.mackenzie;chris.osullivan;emma.myers,1,,,,,,,,1,,,0.018936369577448004,0.015447142310861217,0.01741661775392386,0.024564422551162986,0,0.06402698847820608,,1.1225047791498755,0.11123309558729616,,0.10566040848737583,,0,0,0.02244923584951501,0.0672338265189662,0.0861905939927138,0.011958044455954943,,0.48510390895210204,0,0.02525464317177574,,,0.02982798226501432,0.09165283952078916,,,0.034682473153204434,0.032906462318761986,0.013534609256503021,1.1225047791498755,1.2121878415183567,,USC,Results,Raw,,1: Event metadata QCd by CM
,9469868,1,2020-11-04,CALVERT,HAKAI,OCEANOGRAPHY,KWAK,2,KC10,M,,CX8276,5,3.707515,2020-11-04T17:17:56.000Z,2020-11-04T19:52:20.000Z,2021-02-11T08:00:00.000Z,,1000,chris.osullivan;eva.jordison,1,,,,,,,,1,,,0.022231519931495834,0.01512195618868843,0.01506851626001117,0.018626974993376358,0,0.016575753784149147,,0.35419517258097705,0.10296028904025391,,0.03680687568353339,,0,0,0.012833355630524134,0.022695243145951546,0.0410504663456687,0.010236927423448627,,0.12745717393293207,0,0.021363971014912074,,,0.028463154860441688,0.08140572614691789,,,0.038692188500542846,0.039153466614687854,0.010915176588593653,0.35419517258097705,0.38972377135745273,,USC,Results,Technicianm,,1: HPLC metadata QC'd by CO2: Event metadata QCd by EJ
,10698132,1,2020-11-27,CALVERT,HAKAI,OCEANOGRAPHY,KWAK,1,KC10,M,,CX8279,5,6.2662005,2020-11-27T18:14:17.000Z,2020-11-27T20:50:50.000Z,2021-02-11T08:00:00.000Z,,1000,chris.mackenzie;chris.osullivan;isabelle.desmarais,1,,,,,,,,1,,,0.018028012795700172,0.010372675366653289,0,0.005033667592723129,0,0,,0.12796793938226408,0.06080682598228051,,0.009013233373822184,,0,0,0,0.007653627194028645,0.029756794188002145,0.008874710349163914,,0.06957616643835338,0,0.019539841926349673,,,0.01933672881775429,0.04830389932886716,,,0.023331978621780946,0,0.04594140222170824,0.12796793938226408,0.13562156657629273,,USC,Results,Technicianm,,1: Event metadata qcd by cm2: HPLC metadata QCd by CM
,10698096,1,2020-11-30,CALVERT,HAKAI,OCEANOGRAPHY,RVRS,1,DFO2,M,,CX8278,5,6.0407686,2020-11-30T19:44:29.000Z,2020-11-30T23:39:12.000Z,2021-02-11T08:00:00.000Z,,1000,chris.mackenzie;chris.osullivan;isabelle.desmarais,1,,,,,,,,1,,,0.019536983601181605,0.011584697465488791,0.008220706402052151,0.011769514351274515,0,0.008901941875079115,,0.1924555887973348,0.06622536331739397,,0.016120799689934247,,0,0,0.007401482328833636,0.014934473355591692,0.032008584144140734,0.009344281411630611,,0.08843550167087284,0,0.020715548469481253,,,0.021276964863456146,0.0544289734325715,,,0.027179439218173798,0,0.016344886931423445,0.1924555887973348,0.21479154448176013,,USC,Results,Technicianm,,1: Event metadata qcd by cm2: HPLC metadata QCd by CM