date,month,month_surv,site_id,temp_dm,sal_dm,N2_dm,delta_rho_dm,turb_dm,no2_dm,sio2_dm,po4_dm,secchi_depth,micro_chl,nano_chl,pico_chl,micro_perc,nano_perc,pico_perc,bulk_chl,ciliates,dino_het,Corethron criophilum,Cylindrotheca closterium,Dactyliosolen phuketensis,Ditylum brightwellii,Paralia sulcata,Pseudo-nitzschia seriata,Thalassiosira,Pyramimonas orientalis,Hillea,Teleaulax,Dictyocha speculum,Dictyocha,Chaetoceros tenuissimus,Pseudo-nitzschia,Chaetoceros debilis,Dactyliosolen fragilissimus,Licmophora,Melosira,Navicula,Teleaulax acuta,Dinophysis acuminata,Pennales,Chaetoceros seiracanthus,Chaetoceros similis,Rhizosolenia setigera,Thalassionema nitzschioides,Dinobryon,Dinophyceae,Euglenozoa,Skeletonema marinoi,Chaetoceros,Phaeocystis pouchetii,Biddulphiales,Chaetoceros socialis,Ciliophrys infusionum,Ceratium fusus,Chaetoceros danicus,Chrysophyceae,Pyramimonas grossii,Tetraselmis gracilis,Teleaulax amphioxeia,Chaetoceros convolutus,Chaetoceros decipiens,Thalassiosira pacifica,Chaetoceros simplex,Stephanopyxis turris,Thalassiosira rotula,Apedinella spinifera,Scrippsiella trochoidea,Grammatophora,Chrysochromulina,Chaetoceros ceratosporus,Chaetoceros cinctus,Chaetoceros diadema,Chaetoceros didymus,Chaetoceros laciniosus,Chaetoceros radicans,Guinardia delicatula,Leptocylindrus danicus,Pleurosigma,Thalassiosira nordenskioeldii,Cyanobacteria,Protoperidinium,Protoperidinium steinii,Scrippsiella precaria,Achnanthes,Pterosperma,Ochromonas,Oxyphysis oxytoxoides,Cerataulina bicornis,Detonula pumila,Stephanopyxis nipponica,Thalassiosira anguste-lineata,Octactis octonaria,Gonyaulax,Asterionellopsis glacialis,Attheya,Eucampia zodiacus,Noctiluca scintillans,Membraneis challengeri,Bacterosira,Fragilariopsis,Dinophysis fortii,Pyramimonas,Dinophysis acuta,Eutreptiella hirudoidea,Chaetoceros compressus,Actinoptychus senarius,Chaetoceros subtilis,Ceratium horridum,Dinophysis,Protoperidinium conicum,Ceratium lineatum,Heterosigma akashiwo,Bacillariophyceae,Bacteriastrum,Eucampia groenlandica,Ceratium divaricatum,Dinophysis rotundata,Coscinodiscus,Pyrocystis lunula,Prorocentrum gracile,Chaetoceros mitra,Prorocentrum micans,Asteromphalus heptactis,Alexandrium catenella,Ceratium,Protoperidinium leonis,Odontella longicruris,Dictyocha fibula,Protoperidinium oblongum,Meringosphaera mediterranea,Cocconeis,Chaetoceros concavicornis,Meringosphaera,Asterionellopsis kariana,Chrysochromulina hirta,Prorocentrum,Dictyocha octonaria,Amylax triacantha,Oxytoxum,Hemiaulus hauckii,Olisthodiscus,Cerataulina pelagica,Raphidophyceae,Corythodinium,Ceratium furca,Bacteriastrum delicatulum,Biddulphia,Ceratium symmetricum,Ceratium tripos,Prorocentrum minimum,Tabellaria
2018-05-23,5,5,KC10,11.2134,29.45365,0.005517089513099803,8.18181493494302,0.9077692307692304,0.0656768525065621,2.13330006673911,0.0431001120783333,3.5,4.29710142284257,0.994270689168821,0.743591210104591,0.7120343891892815,0.1647517368540045,0.12321387395671406,8.29996747563963,4400,2000,0,0,200,0,0,7000,31000,0,93328,116660,800,400,200,24200,21200,16400,0,0,0,5833,0,2200,0,2800,200,1600,11666,800,2800,1156000,4000,0,23333,0,23332,0,0,0,40831,0,5833,0,0,0,0,0,400,17499,400,0,0,0,0,0,0,400,1200,800,1800,0,0,0,400,600,1000,0,0,0,0,0,0,0,0,0,0,0,0,400,0,0,0,0,0,0,0,0,0,0,0,0,0,0,0,0,0,0,0,0,0,0,0,0,0,0,0,0,0,0,0,0,0,0,0,0,0,0,0,0,0,0,0,0,0,0,0,0,0,0,0,0,0,0,0
2018-05-29,5,5,QCS01,11.1817,31.1393,2.864249451747207e-5,0.7020003951110994,0.7082692307692308,1.33228695874117,4.41584218476902,0.300077059989726,7.5,0.61155741488719,0.77615366182977,0.503444895656274,0.3233775657962994,0.4104122944739273,0.26621013972977337,1.89160606895012,16501,712,0,623,8099,0,0,534,1157,50557,198339,50557,356,89,0,2403,1157,979,0,0,0,7778,267,712,0,0,0,89,0,0,89,43374,0,0,0,11433,0,0,0,0,19445,0,0,356,0,0,0,0,178,0,178,0,0,0,356,0,0,0,2136,267,1513,0,0,0,534,0,89,0,3889,0,0,0,0,0,0,0,0,0,0,0,0,0,623,0,89,0,0,0,0,0,0,0,0,0,1157,0,0,0,0,0,0,0,0,0,0,0,0,0,0,0,0,0,0,0,0,0,0,0,0,0,0,0,0,0,0,0,0,0,0,0,0,0,0,0,0
2018-05-30,5,5,DFO2,9.2187,27.872700000000002,0.005584864954199241,12.12601787668848,0.7467692307692307,8.13298786714879,19.0958813932622,0.672111972005526,3.5,3.22632053553038,0.318757717214444,0.352629746417101,0.8277481371678164,0.08178080997421626,0.09047105285796743,8.46044047605122,7776,432,0,2448,144,0,0,10080,10800,5384,78068,34996,720,144,5529,21168,3312,5328,0,0,0,2692,144,864,576,0,0,3168,0,432,0,347310,1584,0,0,0,2692,0,0,0,0,0,10768,0,0,5184,0,0,576,0,3888,0,0,0,4608,0,0,288,576,0,1584,0,0,0,144,144,720,0,0,0,0,576,0,0,432,0,0,0,0,0,0,0,0,0,0,0,0,0,0,0,0,0,0,0,0,0,0,0,0,0,0,0,0,0,0,0,0,0,0,0,0,0,0,0,0,0,0,0,0,0,0,0,0,0,0,0,0,0,0,0,0,0,0,0,0
2018-06-19,6,6,DFO2,9.4239,29.4013,7.574434922214263e-4,6.9615125153886765,0.4305,10.8066666958892,16.5034524824275,0.90485478773015,3.5,0.788870021022774,1.04070584116707,1.84274175251178,0.21481530297505866,0.2833921110202303,0.5017925860047111,3.41107217503975,5454,594,162,1458,0,0,0,486,6642,14000,532000,161000,378,54,0,594,0,0,0,0,0,7000,972,8188,108,0,0,2268,14000,432,0,22436,0,0,0,0,0,0,0,7000,0,14000,0,0,0,0,0,0,0,0,54,0,0,54,540,0,0,0,0,0,918,54,0,1188,54,0,0,0,0,0,0,0,0,0,0,0,0,0,0,0,0,0,0,0,108,0,0,0,0,0,0,0,0,0,0,0,0,0,0,0,0,0,0,0,0,0,0,0,0,0,0,0,0,0,0,0,0,0,0,0,0,0,0,0,0,0,0,0,0,0,0,0,0,0,0
2018-06-27,6,6,KC10,12.4381,29.0245,0.003918259489861131,3.358040261826659,0.5695000000000001,0.0941194479325657,0.427614265700039,0.0339856818662154,5,1.85259694502256,0.237101377178792,0.185247537371096,0.8143477073211474,0.10422286586782892,0.08142942681102368,3.45977138067351,2880,1152,0,288,1872,0,0,1152,7920,2692,29612,16152,1008,144,2692,432,22000,576,0,0,0,2692,288,5672,1872,3456,720,3888,0,1008,0,447000,1584,2448,432,21744,0,0,432,0,0,0,0,0,0,0,0,0,1440,2692,0,0,0,288,3024,1008,432,1728,0,144,10368,576,0,0,288,576,288,0,0,0,0,0,0,0,0,0,0,0,5385,0,0,0,0,0,144,0,0,144,0,0,0,144,0,0,432,0,0,3744,288,144,144,0,0,0,0,0,0,0,0,0,0,0,0,0,0,0,0,0,0,0,0,0,0,0,0,0,0,0,0,0,0,0,0,0,0
2018-07-14,7,7,QCS01,10.2671,31.0938,1.5692882653083344e-4,1.6660004157620278,0.6938249999999999,8.46413780855588,14.8760545378909,0.710899792298113,4.5,NA,0.184787262730912,0.0663830251633924,NA,0.7357051038165502,0.26429489618344987,9.30713942548468,1296,720,144,1728,576,0,0,4032,18288,1750,26250,14000,288,0,144,7920,16848,432,0,0,0,0,0,2182,0,2304,720,1152,5250,144,144,365304,4320,0,0,32200,0,144,0,0,0,0,0,0,0,0,0,0,1728,0,144,0,0,144,14112,1728,0,1152,3744,0,21400,288,864,10500,288,432,0,0,0,0,0,0,0,0,0,0,0,2160,1750,0,0,0,0,0,0,0,0,0,0,0,0,576,0,0,0,0,0,0,0,0,0,0,0,0,0,0,0,0,0,0,0,0,0,0,0,0,0,0,0,0,0,0,0,0,0,0,0,0,0,0,0,0,0,0,0
2018-07-15,7,7,KC10,10.634699999999999,30.2745,0.001066274565777302,3.515719017280162,1.344325,0.0712811523881344,0,0,5,1.10478127320198,0.191898336287372,0.195760911308378,0.7402514591412053,0.12858022387706258,0.1311683169817321,4.96267608143591,864,720,0,1584,1296,0,0,8352,9504,0,3000,0,144,0,3144,5328,16416,1008,0,0,0,3000,0,22152,4752,1872,1728,6768,0,144,0,614000,8352,12000,144,21000,0,0,144,0,9000,0,0,0,0,0,0,0,0,0,0,0,0,144,18000,0,0,2304,2448,0,17424,432,0,0,432,0,144,0,0,0,0,0,0,0,0,0,0,6768,6000,0,0,0,0,0,0,0,144,0,0,0,0,0,144,0,432,0,0,0,0,0,0,144,144,0,0,0,0,0,0,0,0,0,0,0,0,0,0,0,0,0,0,0,0,0,0,0,0,0,0,0,0,0,0,0,0
2018-07-15,7,7,KC10,10.634699999999999,30.2745,0.001066274565777302,3.515719017280162,1.344325,0.0712811523881344,0,0,5,1.10478127320198,0.191898336287372,0.195760911308378,0.7402514591412053,0.12858022387706258,0.1311683169817321,4.96267608143591,864,720,0,1584,1296,0,0,8352,9504,0,3000,0,144,0,3144,5328,16416,1008,0,0,0,3000,0,22152,4752,1872,1728,6768,0,144,0,614000,8352,12000,144,21000,0,0,144,0,9000,0,0,0,0,0,0,0,0,0,0,0,0,144,18000,0,0,2304,2448,0,17424,432,0,0,432,0,144,0,0,0,0,0,0,0,0,0,0,6768,6000,0,0,0,0,0,0,0,144,0,0,0,0,0,144,0,432,0,0,0,0,0,0,144,144,0,0,0,0,0,0,0,0,0,0,0,0,0,0,0,0,0,0,0,0,0,0,0,0,0,0,0,0,0,0,0,0
2018-07-24,7,7,DFO2,10.26935,29.3778,0.005547494561637333,12.674881293451733,0.48382499999999995,11.0956271085232,21.2418502551465,0.928460594105564,3,1.21899214869135,0.547353060717201,0.775293050033258,0.47960882873987865,0.2153544308218786,0.30503674043824264,2.38914146796688,11303,2403,0,890,0,0,0,1068,9256,44548,76368,120916,445,178,3182,267,1246,89,0,0,0,22274,0,1157,0,0,623,11100,0,356,0,225764,356,0,0,0,0,0,0,0,9546,9546,3182,0,0,0,0,0,0,0,712,0,0,89,0,0,0,0,0,1246,4183,89,0,0,89,0,0,0,0,0,0,0,0,0,0,0,89,0,0,0,0,0,0,0,89,0,0,0,0,0,0,178,0,0,0,0,0,0,0,0,0,0,0,0,0,0,0,0,0,0,0,0,0,0,0,0,0,0,0,0,0,0,0,0,0,0,0,0,0,0,0,0,0,0,0
2018-08-19,8,8,KC10,14.3392,28.6314,8.130120127742759e-4,4.799679812465342,0.8490833333333333,0.154255043806208,7.5578559428211,0.117538116224042,5,1.80844563733844,1.33586289138887,1.15398712020871,0.4207355158982827,0.3107889732339708,0.2684755108677465,5.82230230215179,9380,806,0,1612,62,0,0,2046,2170,8750,612500,367500,186,310,0,62,4402,620,0,0,186,0,62,1488,372,0,51004,310,26250,372,496,1922,930,43750,79370,78750,8750,0,186,0,35000,0,0,0,186,0,0,0,124,17500,248,0,0,0,372,0,0,744,0,248,868,0,0,0,310,62,248,0,35000,0,0,0,0,0,0,0,62,0,0,930,0,0,0,0,0,8750,0,0,0,0,124,0,0,0,0,0,0,0,0,0,0,0,0,62,0,0,0,0,0,0,0,0,0,0,0,0,0,0,0,0,0,0,0,0,0,0,0,0,0,0,0,0,0,0,0
2018-08-21,8,8,DFO2,9.95275,30.3434,0.001266289808215174,NA,0.6730833333333333,4.75908716242219,0.980806657131278,0.48318109039381,2,4.32659575393183,0.62634218272122,0.354515515366751,0.815192406875524,0.11801180893689414,0.06679578418758186,5.17713466046785,3774,740,222,666,74,0,0,4144,2442,5834,55423,43755,148,592,20419,3330,20800,148,0,0,0,5834,222,12334,0,0,740,10064,0,444,0,337330,1110,0,0,1776,0,0,74,0,5834,2917,0,0,0,0,148,74,0,11668,148,0,0,2917,7696,0,0,814,0,444,1628,0,0,0,148,148,74,0,2917,0,0,0,0,0,222,0,0,0,0,740,0,0,0,0,0,0,0,0,0,0,5834,296,0,0,0,0,0,0,0,0,0,0,0,0,0,0,0,0,0,0,0,0,0,0,0,0,0,0,0,0,0,0,0,0,0,0,0,0,0,0,0,0,0,0,0
2018-08-28,8,8,QCS01,11.5636,31.2593,5.618529381423172e-4,1.4711242143494019,0.5090833333333332,8.24905985429175,14.6995936233067,0.683727356588254,6,5.75457464173735,0.638356820994729,0.35315448212483,0.8530242111908656,0.09462625086794224,0.052349537941192174,8.43762408538036,5184,2016,144,3600,2736,144,0,17424,5616,17500,108500,70000,864,720,3644,1728,288,864,0,0,0,0,144,3744,0,1872,245000,3456,7000,2880,1584,19440,2736,0,0,7000,0,0,144,0,0,0,0,0,288,0,0,288,288,0,0,0,0,144,3168,0,1440,10368,0,2736,4176,0,0,3456,1152,288,432,0,0,0,0,0,432,0,0,0,1008,432,0,864,0,0,0,0,144,0,0,0,0,0,0,144,0,0,432,0,0,0,144,0,0,0,0,432,0,864,144,144,0,0,0,0,0,0,0,0,0,0,0,0,0,0,0,0,0,0,0,0,0,0,0,0,0,0,0
2018-09-11,9,9,KC10,12.217400000000001,30.75235,0.002941577164534236,1.5664757580206015,0.1237545454545454,7.93973029415717,17.1891322318361,0.820044971084654,14,0.363402095520482,0.30831106613655,0.146440278365578,0.4441735226468512,0.37683770678520856,0.17898877056794021,0.889058917977396,2544,1776,0,768,336,0,0,192,2112,26250,170625,74375,1056,336,4375,816,48,96,0,0,0,0,48,14133,0,0,240,624,8750,144,1056,14028,432,140000,4711,0,0,48,0,0,0,0,0,0,384,0,0,0,96,4375,144,0,0,0,1440,0,0,0,0,0,576,0,0,0,576,48,0,0,21875,0,0,0,96,0,0,0,48,0,0,96,0,0,0,0,0,0,0,0,0,0,48,48,0,0,144,0,0,0,0,0,0,0,0,0,0,0,0,48,0,0,96,96,0,0,0,0,0,0,0,0,0,0,0,0,0,0,0,0,0,0,0,0,0,0,0
2018-09-13,9,9,QCS01,12.6966,31.1934,1.0350043311820422e-4,2.035465726547727,0.14975454545454542,7.89409613172151,16.1462262292624,0.75948634503126,12,0.702956423289398,0.664911388135193,0.510704682026455,0.3741971234754037,0.35394502498741076,0.2718578515371856,2.84839264734197,2960,2886,0,1702,0,222,0,666,2960,19445,221673,54446,1480,2664,15556,2886,1110,592,0,0,0,3889,0,888,0,0,7030,888,15556,296,444,14236,148,814,74,0,0,0,0,0,0,0,0,222,0,0,0,0,444,3889,0,0,0,0,0,0,0,148,0,370,518,0,0,1554,148,222,370,0,0,0,0,0,0,0,0,0,0,0,0,222,0,0,0,0,0,0,0,0,0,0,0,0,74,0,222,0,0,0,0,0,0,0,0,222,0,74,0,0,0,0,0,74,0,0,0,0,0,0,0,0,0,0,0,0,0,0,0,0,0,0,0,0,0,0,0
2018-09-14,9,9,DFO2,10.5093,29.720599999999997,0.005213225279049298,9.956271620340374,0.4257545454545454,11.9937298480913,22.3548831373701,1.06124244587019,3.5,1.59535770416376,0.527755765287829,0.314774136329802,0.6544016633008052,0.2164807614741012,0.12911757522509357,2.25085721098953,3552,2072,0,1628,222,0,0,1628,1406,12000,201000,39000,2516,0,7000,740,3256,666,0,0,0,3000,148,4628,0,0,962,2738,3000,148,0,83102,1258,0,0,1036,0,74,222,0,3000,0,0,296,148,0,148,0,296,0,296,0,0,7000,1480,0,0,962,0,370,148,0,0,814,0,296,1554,0,0,0,0,74,592,0,0,0,0,370,0,0,0,0,0,0,0,0,74,0,0,0,0,74,0,74,0,0,0,296,0,0,0,0,0,0,0,0,0,74,0,0,0,0,0,0,0,0,0,0,0,0,0,0,0,0,0,0,0,0,0,0,0,0,0,0,0
2018-10-23,10,10,KC10,9.84,30.6436,0.0010738036146152403,1.1060750832972417,0.16472727272727272,11.9474886522859,27.5389605857878,1.1017641916136,11.5,0.468171120958511,0.525572005262778,0.827755311846898,0.25702526621710187,0.28853826842705393,0.4544364653558442,1.9279010426653,4588,1998,0,2664,370,74,0,444,444,11666,186656,52497,296,148,1628,888,16848,1628,0,0,0,0,0,962,0,0,296,0,5833,74,888,5328,5476,0,11666,0,11666,0,222,0,11666,0,0,0,0,0,0,0,0,11666,0,0,0,148,0,0,0,0,0,296,1702,0,0,0,0,74,74,0,11666,0,0,0,0,0,0,0,0,0,5833,0,0,0,0,0,0,0,0,0,0,0,0,0,0,0,0,0,148,0,0,0,0,74,0,0,0,0,0,0,0,0,0,74,0,0,0,0,0,0,0,0,0,0,0,0,0,0,0,0,0,0,0,0,0,0,0
2019-05-11,5,5,KC10,9.4917,30.9056,6.600773090013807e-4,1.677735782126888,0.7507,10.9981587935156,25.7462421725854,1.02092268397668,9,2.19059778074779,1.75672942384796,0.62321374479872,0.47928632628004614,0.38435919146084907,0.13635448225910476,4.91982767394575,7920,1152,0,288,0,0,0,10944,15696,11667,175005,443346,0,0,144,26352,0,0,0,0,0,0,0,14691,0,4032,0,288,11667,1296,2736,147648,144,224694,630594,14976,576,0,0,0,11667,0,58335,432,0,4320,0,0,0,0,144,0,0,0,2448,0,0,0,0,0,0,0,0,0,144,0,0,0,23334,11667,0,0,0,0,0,0,0,0,0,0,0,0,0,0,0,0,0,0,0,0,0,0,0,0,0,0,0,0,0,0,0,0,0,0,0,0,0,0,0,0,0,0,0,0,0,0,0,0,0,0,0,0,0,0,0,0,0,0,0,0,0,0,0,0,0
2019-05-13,5,5,QCS01,10.0424,31.6096,2.837209697493541e-5,0.5544225997655303,1.0547,0.0252373348085397,0.258195769275625,0.0481114110653786,4,15.5115107799344,0.894619297290596,0.467233973108129,0.9192897595087545,0.05301961687200923,0.027690623619236413,18.1628543104944,8708,2488,0,1555,311,0,0,35765,46650,3889,58335,116670,0,0,19445,68420,37942,1244,0,0,0,0,0,119469,25813,1555,0,311,3889,622,0,592000,3732,124448,163338,37942,0,0,0,0,0,0,0,0,5287,0,311,0,6842,3889,1244,0,0,0,228000,0,933,8397,76960,5909,3421,933,311,0,622,0,1555,0,7778,0,0,0,1866,0,0,0,0,5909,0,0,0,0,0,0,0,0,0,622,0,0,933,0,0,0,0,0,0,0,0,0,0,0,0,0,0,0,0,0,0,0,0,0,0,0,0,0,0,0,0,0,0,0,0,0,0,0,0,0,0,0,0,0,0,0,0
2019-05-14,5,5,DFO2,10.3501,29.7401,0.0073473878998543485,16.00591840332072,0.4247000000000002,5.05824585740805,15.8019395231101,0.639725919206859,3.5,2.13863835840056,1.21294306681145,0.661628640558705,0.5328996796458115,0.30223762198665544,0.16486269836753306,5.57209943141519,15041,5162,0,14832,0,0,0,356,178,0,0,70002,623,89,1190034,8900,0,0,0,0,0,0,89,26983,0,0,0,0,70002,801,0,429000,623,186672,623,0,0,0,0,0,11667,0,0,0,0,0,89,0,0,23334,0,0,0,0,1691,0,0,623,0,267,1780,89,0,0,0,0,0,0,0,0,0,0,0,0,0,0,0,0,11667,0,0,0,0,0,0,11667,0,0,0,0,0,0,0,0,0,0,0,0,0,0,0,0,0,0,0,0,0,0,0,0,0,0,0,0,0,0,0,0,0,0,0,0,0,0,0,0,0,0,0,0,0,0,0,0,0
2019-06-09,6,6,QCS01,11.7471,31.4516,-9.611319960998141e-6,0.8804632769849832,0.3418,0,1.61919162853084,0.181033745601284,7,1.60081078576162,0.313230875653313,0.128037577658698,0.7839121788867567,0.15338820828294944,0.06269961283029399,3.34037178928833,4628,1869,0,890,623,0,0,112000,10413,8750,26250,17500,890,89,4375,2670,0,2670,0,0,4183,0,0,1246,0,267,3026,1068,8750,712,0,9345,178,21875,5176,17500,178,0,0,0,0,0,0,801,0,0,0,0,267,4375,445,0,0,0,712,0,0,267,0,356,267,0,0,178,534,445,445,0,8750,0,0,0,0,0,0,0,0,0,0,890,0,178,0,0,0,0,0,0,0,0,0,0,0,0,0,0,0,0,0,0,0,0,534,0,0,0,0,0,0,0,0,0,0,0,0,0,0,0,0,0,0,0,0,0,0,0,0,0,0,0,0,0,0,0,0
2019-06-10,6,6,KC10,10.1577,30.9676,0.001226664525638526,2.127263510365765,0.29280000000000006,4.14701637367013,11.4234807766429,0.479433273888056,7.5,3.45794256097552,1.07494006631398,0.623617235559635,0.6705987885094006,0.2084631232240624,0.12093808826653708,4.68266817229723,1584,1152,0,5616,0,0,0,101232,46650,35000,201250,78750,0,144,35000,22552,2736,1152,0,0,864,0,0,28410,5760,0,1728,2304,17500,1152,144,217856,144,8750,9038,1584,0,0,144,0,0,8750,0,144,0,0,0,0,0,17500,576,0,0,144,0,0,0,0,0,11232,1152,576,0,0,144,0,0,0,0,0,0,0,0,0,0,0,0,0,0,0,0,0,0,144,0,17500,0,0,0,0,0,0,0,0,0,0,0,0,0,0,0,0,0,0,0,0,0,0,0,0,0,0,0,8750,0,0,0,0,0,0,0,0,0,0,0,0,0,0,0,0,0,0,0,0,0
2019-06-11,6,6,DFO2,9.8456,29.0008,0.007189094247643575,13.212993395496824,0.3268000000000001,6.66026788187142,20.3015315297311,0.586073935090072,5,3.75988387540177,0.699657126575729,0.53376738680557,0.7529845110003511,0.14011894962214502,0.10689653937750393,6.58220621971975,2160,1008,0,2448,576,0,0,12528,1584,0,105000,48125,0,0,13269,9360,4032,288,0,0,0,0,288,15717,0,0,288,288,17500,720,4375,840800,3312,17500,18508,2880,288,0,0,0,0,0,0,0,0,0,0,0,432,0,144,0,0,0,2592,0,288,432,864,0,288,0,0,0,144,0,144,0,0,0,0,0,0,0,0,0,144,0,0,0,0,0,0,0,0,0,0,0,0,0,0,0,0,0,0,0,13824,0,0,0,0,0,0,0,0,0,0,0,0,0,0,0,0,0,0,0,0,576,0,0,0,0,0,0,0,0,0,0,0,0,0,0,0,0,0
2019-07-06,7,7,DFO2,9.8637,29.826,0.0020877302798937053,9.356489729913733,0.46019999999999994,13.1887111553526,28.3963884563124,1.21089204655227,5,NA,NA,NA,NA,NA,NA,NA,3744,1008,0,1008,3600,0,0,20600,17712,61250,166250,280000,288,144,0,4320,0,1296,0,0,0,0,864,29418,0,0,432,26800,0,432,0,1106000,0,0,105000,0,0,0,144,0,0,0,0,0,0,0,8750,0,1296,0,288,0,0,0,2016,0,0,0,0,2016,864,288,0,0,0,0,144,0,0,0,0,0,0,0,0,0,0,0,0,288,0,0,0,0,0,0,144,0,0,0,0,0,0,0,0,0,24200,0,0,0,0,0,0,0,0,0,0,0,0,0,0,0,0,0,0,0,0,0,0,0,0,0,0,0,0,0,0,0,0,0,0,0,0,0,0
2019-07-07,7,7,QCS01,13.6243,31.4805,3.035728201082579e-4,1.6560080484642867,0.30620000000000003,1.44216108541418,4.9594117752844,0.290601448250565,7,NA,NA,NA,NA,NA,NA,NA,6048,2016,0,576,144,0,0,452000,1872,5833,64163,64163,0,864,0,144,39186,432,0,0,144,0,0,13250,2160,0,20016,288,23332,288,144,26584,5760,11666,18076,3888,720,0,144,0,0,0,0,0,0,0,0,0,576,0,288,0,0,0,17424,0,0,432,0,2448,6336,0,0,0,432,144,1872,0,11666,0,0,0,1008,0,0,0,0,144,0,0,0,0,0,0,0,0,0,144,0,0,0,0,0,0,432,0,0,0,0,0,0,0,0,0,0,144,0,0,0,0,0,0,0,0,0,0,0,0,0,0,0,0,0,0,0,0,0,0,0,0,0,0,0,0,0
2019-07-10,7,7,KC10,13.3128,29.9441,0.0024180136939005864,3.4072641758108375,0.5742,0.0813899497704903,0.318649119522038,0.063961490066061,5.5,NA,NA,NA,NA,NA,NA,NA,3732,1866,0,3421,1244,0,622,69264,1244,0,8751,14585,0,0,11668,123311,45406,933,0,0,311,0,622,6456,622,0,37009,3421,32087,622,0,80932,6220,0,311,40838,5834,311,0,0,0,0,0,933,0,0,0,0,0,0,1866,0,0,0,84903,0,0,2799,0,12440,27990,311,3110,0,0,622,0,0,29170,0,0,0,0,0,0,0,0,3732,8750,0,0,0,0,0,0,0,0,0,0,0,0,311,0,0,0,0,0,0,0,0,0,0,0,0,0,0,0,0,0,0,0,0,0,0,0,0,0,0,0,0,0,0,0,0,0,0,0,0,0,0,0,0,0,0,0
2019-08-03,8,8,KC10,11.9893,29.1071,0.0023191128574904245,3.7225874379373636,0.3733333333333333,8.30635787914334,17.6739105242634,0.839751593020855,9.5,0.763887653551312,0.758791658791895,0.380515552554097,0.40137122458689023,0.3986936244874953,0.19993515092561454,2.1447315209892,3885,999,0,8658,111,0,0,222,2775,0,170000,155000,222,2220,10000,4995,1554,1221,0,0,0,0,0,4440,0,0,10434,555,15000,222,2442,10767,1332,0,63330,0,222,0,0,0,0,0,0,0,0,0,0,0,0,15000,222,0,0,0,80000,0,0,0,0,999,12099,0,0,0,0,0,0,0,5000,0,0,0,0,0,0,0,0,0,0,0,0,0,0,0,111,15000,0,0,0,0,10000,0,0,0,111,0,0,0,0,0,0,0,0,0,0,0,0,0,0,0,0,111,0,0,0,0,0,0,0,888,0,0,0,0,0,0,0,0,0,0,0,0,0,0,0
2019-08-05,8,8,DFO2,10.6721,29.7555,0.0024914438477794012,9.213342430226362,0.7203333333333333,9.66676271092645,23.0535890063156,0.925957465825035,4.5,0.786211178806262,1.15053154928259,1.15565465039711,0.25424002240979493,0.37205165069887963,0.37370832689132555,3.9671356061357,86972,979,0,267,0,0,0,356,801,221673,361677,210006,712,0,0,0,0,0,0,0,0,11667,0,24223,0,0,0,6408,0,890,356,72816,0,350010,11845,267,89,0,0,0,58335,0,0,0,0,0,0,0,0,11667,0,0,0,89,0,0,0,0,0,0,0,0,0,0,0,0,0,0,23333,23333,0,0,0,0,0,0,0,0,0,0,0,0,0,0,0,11667,89,0,0,0,0,0,0,0,0,0,0,0,0,0,0,534,0,0,0,0,0,0,0,0,0,0,0,0,0,0,0,0,0,3026,89,4272,89,0,0,0,0,0,0,0,0,0,0,0,0
2019-08-06,8,8,QCS01,13.4302,30.5249,0.0031988411591753244,2.0327516712134184,0.6153333333333333,3.72878524423661,11.580526294218,0.567584956510166,5.5,1.87580821854764,0.488138740202354,0.586098800621772,0.6358573295307485,0.16546819270569782,0.1986744777635538,NA,1440,1872,0,7488,432,288,0,6624,3024,0,113750,113750,1296,1728,52500,3024,5472,576,0,0,2160,0,144,18364,1152,864,21000,0,720,432,288,11232,1008,8750,148750,720,0,288,0,0,17500,0,0,0,576,0,432,0,864,0,288,0,0,288,2160,0,0,1008,0,3888,40430,144,0,0,0,288,0,0,61250,17500,0,288,1296,0,0,0,0,1008,0,4320,0,0,0,0,144,8750,0,0,0,0,720,0,144,0,1296,0,144,0,0,0,0,288,0,0,0,0,0,144,0,0,0,144,0,0,0,0,0,0,0,0,0,0,0,0,0,0,0,0,0,0,0,0,0,0,0
2019-08-31,8,9,QCS01,13.8553,30.2062,6.648821419033687e-4,2.264761131535238,0.4737,3.13929456683333,12.886094076261,0.540328508946919,7.5,1.7934014386479,1.4912388240782,1.30666992198708,0.3906077713109105,0.324795921879401,0.28459630680968856,5.33900553984152,16428,7437,0,2109,444,111,0,2109,5883,52500,498750,157500,1665,111,17500,1221,555,3774,0,0,333,0,0,2442,0,333,111,222,17500,2886,2331,6105,333,8750,555,0,0,0,0,0,26250,52500,0,0,666,0,0,0,888,17500,3552,0,0,0,0,0,0,1332,0,2331,2331,0,0,0,111,0,999,0,105000,0,222,444,0,0,0,0,0,0,0,666,0,0,0,0,0,17500,0,0,0,0,0,0,0,0,222,8750,222,0,0,0,0,0,0,3330,0,333,0,0,0,0,222,0,0,0,0,0,8750,0,0,777,0,0,0,0,0,0,0,0,0,0,0,0,0,0,0
2019-09-01,9,9,KC10,12.7236,29.506,0.0054144312141454955,4.3310307573253795,0.3157000000000001,7.65572372137828,21.2149017232208,0.820637832268192,7.5,0.823285751816035,2.41884021148893,1.25203619817998,0.18319004126544644,0.5382182761935999,0.2785916825409537,4.18155148885032,8325,5661,0,1554,0,0,0,111,333,93336,280008,280008,2442,1443,23333,222,0,555,0,0,0,0,333,666,0,333,111,0,11667,2220,555,999,0,11667,23555,0,0,222,0,0,35001,11667,0,0,0,0,0,0,0,11667,3108,0,0,0,444,0,0,222,0,666,666,0,0,0,111,111,666,0,46668,0,111,0,0,0,0,0,0,0,0,111,0,0,0,0,0,11667,0,0,0,0,0,0,0,111,333,0,0,0,0,0,0,0,0,2664,0,222,0,666,0,0,0,111,0,0,0,0,0,0,0,1998,0,0,0,0,361677,0,0,0,0,0,0,0,0,0,0
2019-09-02,9,9,DFO2,10.8213,30.183,0.001936432133196617,4.124798318259195,0.24970000000000003,10.5295177022917,22.627895871957602,0.955690406441564,3,NA,NA,NA,NA,NA,NA,NA,1488,576,0,912,0,96,0,528,960,7866,121923,94392,528,192,7866,336,0,192,0,0,0,0,0,192,0,0,240,2352,0,240,240,1053927,0,11799,11799,6,3933,48,0,0,0,0,3933,0,0,0,48,0,0,0,0,0,0,48,576,0,0,0,0,0,144,0,0,0,96,0,0,0,3933,0,0,0,0,0,0,0,0,0,0,0,0,0,0,0,48,0,0,0,0,0,0,0,0,0,0,0,0,0,0,0,0,0,0,0,0,0,0,0,0,0,0,0,0,0,0,0,0,0,0,1776,0,0,0,0,0,0,0,0,0,0,0,0,0,0,0
2019-10-01,10,10,KC10,10.7604,29.9545,7.137244817546451e-4,1.9037076708725635,0.17290000000000005,17.0607869683729,34.444426164846,1.500438394397,9.5,0.20223079691081,0.19168666059007,0.23720416336811,0.3204307858006177,0.3037238057636768,0.37584540843570546,0.963243059732813,2640,528,0,576,0,144,336,96,288,0,67091,72925,288,624,6169,864,0,0,0,0,0,0,0,3109,288,0,1680,48,5834,240,2917,3264,576,0,6074,432,48,0,0,0,5834,0,2917,0,192,0,288,0,0,0,0,0,0,0,0,0,0,0,0,192,1920,0,0,0,0,0,0,0,11668,0,0,48,0,0,0,0,48,0,0,528,0,0,0,0,0,0,0,0,0,0,0,0,0,0,0,2917,0,0,48,0,0,0,0,0,0,0,0,48,0,0,0,48,0,0,0,0,0,0,0,2304,0,0,0,0,0,0,0,0,0,0,0,0,0,0,0
2019-10-04,10,10,DFO2,10.6305,29.8691,0.0020770726871481393,4.727407932611527,0.21889999999999987,17.8220772026788,33.5847497339975,1.49025041828785,7,0.147484728444471,0.131367078805747,0.985268366173813,0.11666986378754621,0.10391977089482124,0.7794103653176325,1.30423600810458,1920,280,0,240,0,0,0,120,200,30625,148750,153125,40,0,4415,80,0,0,0,0,0,4375,0,0,0,0,0,320,0,0,0,4080,23636,0,4375,0,4375,0,0,0,21875,0,0,0,0,0,0,0,0,0,0,0,0,0,160,0,0,0,0,0,160,0,0,0,0,0,0,0,0,0,0,0,0,0,0,0,0,0,0,0,0,0,0,0,0,0,0,0,0,0,0,0,0,0,0,0,0,0,0,0,0,0,0,0,0,0,0,0,0,0,0,0,0,0,0,0,0,0,0,4375,0,0,0,0,0,0,0,0,0,0,0,0,0,0,0
2019-10-05,10,10,QCS01,12.2691,32.1961,-6.6864711438693195e-6,0.14822620208860826,0.09189999999999988,6.71448556887225,14.1999259715165,0.762365529229194,12,0.883458187944998,0.481179983119307,0.279815572528482,0.5372350492600826,0.29260779453001184,0.17015715620990568,2.04525360217441,5772,1776,0,518,370,0,0,14688,1924,3889,81669,120559,74,74,0,4662,7252,2590,0,0,0,0,0,2368,1036,0,740,518,0,222,222,666,814,120559,148,0,11667,0,0,0,0,0,0,74,296,0,0,0,0,0,74,0,0,0,1184,0,0,0,0,0,3848,0,0,0,74,0,0,0,0,0,0,0,370,0,0,0,0,0,0,370,0,148,0,0,0,0,0,0,0,0,0,0,0,0,74,7778,0,0,0,0,74,0,0,222,0,74,0,0,0,0,0,0,0,0,0,0,0,0,0,0,0,0,0,0,0,0,0,0,0,0,0,0,0,0,0
2020-04-30,4,5,KC10,8.8348,30.71,7.659460704645585e-4,2.132852237256543,0.4754,4.62655750138188,6.52901447150124,0.509634108816224,4.5,10.7538901195252,0.618600309816914,0.159973579843787,0.9324885047080531,0.053639908117136384,0.013871587174810514,11.2560991841545,1296,9183,0,3600,864,0,0,2304,20944,5834,17502,32087,144,0,43750,13248,29400,144,0,0,0,0,0,7130,3168,0,0,1872,0,1196,144,496000,17568,0,20419,79920,0,0,0,0,5834,0,0,0,0,32033,0,432,24600,0,0,0,0,720,121952,0,0,4464,28800,2016,0,0,59200,0,0,432,0,0,5834,0,0,144,144,0,0,0,0,0,0,0,0,0,0,0,0,0,0,0,0,0,0,0,0,0,144,0,0,0,0,0,0,0,144,0,0,0,0,0,0,0,0,0,0,2917,0,0,0,0,0,0,0,0,0,0,0,0,0,0,0,0,0,0,0,0,0
2020-05-01,5,5,QCS01,8.7119,31.5375,2.720598268669275e-4,0.4873087560231397,0.36240000000000006,6.99947835968802,7.4542634453233,0.756152717163491,8,5.45771875759,0.382856830822993,0.0771904863062075,0.9222599691639501,0.06469617521019697,0.013043855625852904,8.56864710460681,2448,20885,0,2160,432,576,0,2016,69856,23334,23334,62224,144,432,7922,9648,8352,1296,0,0,144,0,144,1728,4320,1728,144,2736,0,1440,144,244928,0,4176,39322,34128,0,0,0,0,0,0,3889,0,1440,100000,0,0,26400,3889,0,0,0,720,33899,1152,1008,4752,42918,0,0,144,91760,0,144,144,288,0,15556,0,0,288,0,0,0,0,144,0,3889,0,0,0,0,0,0,0,0,0,0,0,0,0,0,288,0,0,0,0,0,0,0,144,0,0,0,0,0,0,0,0,0,0,0,3889,0,0,0,0,0,0,0,0,0,0,0,144,0,0,0,0,0,0,0,0,0
2020-05-04,5,5,DFO2,8.4924,28.2729,0.00952584025951711,7.35175329928984,0.2814000000000001,10.461084319236,19.7883749138315,0.916530434601235,6,2.44713656299296,0.56293916555145,0.162792318807705,0.7712695663581701,0.17742281026191592,0.05130762337991386,3.38698003186867,2047,890,0,890,0,0,0,0,24400,0,40838,58340,0,0,8751,1335,1157,356,0,0,0,17502,0,4074,0,0,0,890,0,3115,178,244052,356,0,3006,1157,0,0,0,0,0,0,0,0,0,11211,178,0,534,2917,2136,0,0,0,979,0,0,0,1335,0,0,0,8188,0,0,0,267,0,0,0,0,89,0,0,0,0,178,0,11667,0,0,0,0,0,0,0,0,0,0,0,0,0,0,0,0,0,0,0,0,0,0,0,0,0,0,0,0,0,0,0,0,0,0,0,0,0,0,0,0,0,0,0,0,0,0,0,0,11322,0,0,0,0,0,0,0
2020-06-06,6,6,DFO2,9.3128,29.0959,5.055001369524224e-4,12.293838404534768,0.8967999999999998,10.925352897653,25.0009378057832,0.991746912281279,6.5,0.638353917912565,0.485484705892652,0.245112862293458,0.46630864891478846,0.3546398180086112,0.17905153307660024,1.23472938989357,3471,1068,0,3382,356,0,0,534,1335,23334,93336,77780,178,267,42778,7565,979,1424,0,0,0,0,89,6737,0,0,89,267,0,1246,267,301920,623,0,3978,1780,178,0,356,0,11667,0,0,0,0,0,89,0,0,7778,0,0,0,445,10858,0,0,0,175,0,0,0,0,0,0,0,0,0,0,0,0,0,178,0,0,0,178,0,89,0,0,0,0,0,0,0,89,0,0,0,356,0,0,0,0,0,0,0,0,0,0,0,89,0,0,0,0,0,0,0,0,0,0,0,0,0,0,0,0,0,0,0,0,0,0,0,0,6586,0,0,0,0,0,0,0
2020-06-08,6,6,QCS01,11.255,29.9437,9.038762368664508e-4,2.0811016669073297,0.30879999999999996,2.57315171335011,8.17854304573615,0.436721235838676,6.5,2.89822119717779,0.646094113052263,0.278199750108014,0.7581974567606984,0.16902330085133055,0.07277924238797107,3.32758984631851,6192,24434,0,1296,288,0,0,4752,5040,0,9546,136826,1008,0,0,9648,2016,144,144,0,0,0,144,14140,2016,0,432,720,0,3168,432,321200,0,49000,4478,24480,144,0,288,0,0,0,0,0,1152,0,0,288,0,3182,144,0,0,0,25400,0,0,0,2880,4752,3024,288,0,0,144,864,1728,0,9546,0,0,0,2016,0,0,0,288,0,3182,0,0,0,0,0,0,0,0,0,3600,0,0,0,0,0,144,0,0,0,0,0,0,0,0,0,0,0,0,0,0,0,0,0,0,0,0,0,0,0,0,0,0,0,0,0,0,0,0,0,0,8208,0,0,0,0,0
2020-07-02,7,7,KC10,10.6459,28.3868,0.0014052930177472036,4.773058353162014,0.5604999999999998,5.2696029494319205,12.394204805619028,0.39552289476369445,3,7.17110439260081,NA,0.968251870562344,NA,NA,NA,7.41292069074781,4665,3110,0,933,0,0,0,5287,4665,11666,507471,373312,2488,0,5833,1866,622,2799,0,0,0,0,311,12910,0,622,0,8397,0,3110,0,2153792,3110,0,13532,2177,0,0,1244,0,5833,5833,0,0,1555,0,0,0,1555,0,0,0,0,0,11196,0,0,0,0,9019,3732,0,0,0,0,0,0,0,5833,0,0,1555,0,0,0,0,311,0,17500,0,0,0,0,0,0,0,0,0,0,0,0,0,0,0,0,0,0,0,311,0,0,0,0,0,0,0,0,0,0,0,0,0,0,0,0,0,0,0,0,0,0,0,0,0,0,6531,0,311,0,0,0,0,0,0,0
2020-07-05,7,7,QCS01,10.8417,30.5266,1.018639733385059e-4,1.7637817207589706,0.4244999999999999,6.870953865881529,15.24177574635029,0.6485476846529714,5.5,NA,7.3243640751495,0.796685898552811,NA,NA,NA,8.36193019274547,5217,5498,0,888,444,0,0,5328,5217,21000,98000,91000,666,222,17500,3663,222,1221,0,0,0,3500,0,888,0,0,0,10656,0,666,3500,1704000,2442,0,15221,6327,111,0,1554,0,3500,0,0,0,0,0,0,0,333,0,222,0,0,0,6549,0,111,888,0,3219,1665,111,0,0,0,222,333,0,0,0,0,888,777,0,0,0,0,0,3500,0,0,0,0,0,0,7000,0,0,0,0,0,0,0,0,222,0,0,0,777,0,0,0,111,0,0,0,0,0,0,0,0,0,0,0,0,0,7000,0,0,0,0,0,0,0,0,333,0,0,0,0,0,0,0,0,0
2020-07-06,7,7,DFO2,9.3904,29.3901,0.004470206151734925,6.621315337236069,0.28949999999999987,14.126454045940122,28.573778028534413,1.125544215967374,5.5,0.355161586801399,0.237619455984301,0.495211145372547,0.3264376258092592,0.21840180340498877,0.455160570785752,1.48894813948181,10106,4757,0,620,0,0,0,62,1116,23334,155560,159449,0,186,11667,186,0,0,0,0,62,0,62,434,0,744,0,372,7778,19445,62,73600,0,0,4633,0,434,0,0,0,3889,3889,0,0,0,0,0,0,0,0,62,0,0,0,620,0,0,0,0,0,0,0,0,0,0,0,0,0,0,0,0,0,0,0,0,0,62,0,0,0,0,0,0,0,0,7778,0,0,0,0,186,0,0,0,0,0,0,0,0,0,0,0,0,0,0,0,0,0,0,0,0,0,0,0,0,0,0,0,0,0,0,0,0,0,0,0,0,15556,0,0,0,0,0,0,0
2020-08-07,8,8,KC10,12.913,28.6923,0.004036919743032836,3.1805131776054623,0.18900000000000008,1.8054063012330503,4.296252180366367,0.21337689909784346,6,4.26481553966871,0.515081226339865,0.322306212686674,0.8358772783985402,0.10095271169936541,0.0631700099020943,6.07627371936261,3888,26970,0,3456,144,0,0,3744,24400,17500,131250,122500,288,144,26250,25632,21456,432,0,0,0,0,0,37016,1152,720,864,576,8750,1296,17500,662000,864,26600,44614,20800,0,0,0,0,8750,0,0,0,288,0,288,0,1872,0,144,0,0,144,31200,0,1152,6336,1152,288,1872,0,1152,0,0,144,576,0,0,0,0,0,0,0,0,0,144,2880,8750,0,0,0,0,0,0,0,0,0,0,0,0,0,0,0,0,0,0,0,0,0,0,0,0,0,0,0,0,0,0,0,0,0,0,0,0,0,0,0,0,0,0,0,0,0,0,432,0,0,0,0,0,0,0,0,0
2020-08-08,8,8,DFO2,10.649,27.182,0.008683714718027662,11.903804304249206,0.6000000000000001,11.51252975336517,26.226138970767582,0.905921470392236,2,3.86144754973639,0.453816973190666,0.0998917172811456,0.8745891061726728,0.10278616395447554,0.02262472987285159,3.07409571074335,2442,4397,0,296,0,0,0,370,1110,11668,35004,29170,0,222,20419,370,0,0,74,0,0,0,74,962,0,0,0,1258,0,1924,20419,1486000,222,0,5982,8750,296,0,0,0,0,0,0,0,0,0,0,0,518,0,74,0,0,0,0,0,0,0,0,444,444,0,0,0,222,74,5106,0,2917,0,74,0,0,0,0,0,222,0,0,0,0,0,0,0,148,0,0,0,0,0,0,0,0,74,0,0,0,0,0,0,0,0,0,296,0,74,0,0,0,0,0,0,0,0,0,0,0,0,0,0,0,0,0,0,0,0,0,0,0,0,0,0,0,0,0
2020-09-03,9,9,KC10,13.0576,29.0337,0.004239938668449242,3.2180501073397636,0.25627272727272743,7.683871810537738,18.01154805640466,0.77578567546199,5.5,0.660058446608645,0.505414455339309,0.506906167322754,0.39468231738662196,0.30221285629920636,0.3031048263141716,1.99432440699435,6586,5176,0,979,0,0,0,1157,11303,0,214375,196875,623,534,8750,2581,2848,267,0,0,0,8750,0,7579,979,267,534,0,8750,534,267,360312,89,0,30714,0,89,0,178,0,8750,4375,8750,0,0,0,0,0,178,8750,0,0,0,0,5429,0,0,267,0,623,178,178,1068,0,178,0,0,0,4375,0,0,0,979,0,0,0,0,178,0,89,0,0,0,0,0,0,0,0,0,0,0,0,0,0,89,0,0,0,0,0,0,0,0,0,0,0,0,0,0,0,0,0,0,0,0,0,0,0,0,0,0,0,0,0,0,0,0,0,0,0,0,89,0,0,0
2020-09-04,9,9,QCS01,15.2354,31.0715,1.313875423567649e-5,1.2040300945936906,0.26727272727272733,0.10201908889178304,8.149862975753814,0.2922487838902324,7,0.641565036796608,0.731119786717275,0.587101080900577,0.32736485926930536,0.37306104971487547,0.2995740910158192,2.22698421897609,16761,10441,0,1110,111,333,0,333,3663,28000,224000,189000,333,111,49000,2664,3330,1665,0,0,0,0,0,20771,0,0,111,2442,0,444,777,14097,1332,7000,21333,0,666,0,0,0,21000,0,0,0,1221,0,0,0,333,7000,0,0,0,0,1554,0,0,0,444,444,222,111,333,0,0,0,333,0,7000,0,0,0,888,0,0,0,0,0,0,1332,0,0,0,0,0,30000,0,0,0,0,0,0,0,0,111,0,0,0,0,0,0,0,0,111,0,0,0,0,0,0,0,0,0,0,0,0,0,0,0,0,0,0,0,0,0,0,0,0,0,0,0,0,111,0,0
2020-09-05,9,9,DFO2,10.0609,29.558,0.002035797059582216,10.027357819955,0.4932727272727273,18.28615986227842,29.429592092090065,1.4386988988145708,2.5,0.264054979070115,0.287967241501693,0.224526282226251,0.3400366855626819,0.3708296912093574,0.28913362322796077,1.15473448505849,1560,25054,0,520,0,0,0,0,1080,0,143893,66113,0,120,15556,400,0,0,0,0,0,0,40,480,0,120,0,1640,0,320,7778,179968,320,0,7978,160,120,0,0,0,0,0,7778,0,0,0,0,0,0,0,0,0,0,0,120,0,0,0,0,0,0,0,0,0,0,0,200,0,15556,0,0,0,0,0,0,0,0,0,0,0,0,0,0,0,0,3889,40,0,0,0,0,0,0,0,0,0,0,0,0,0,0,0,0,40,0,0,0,0,0,0,0,0,0,0,0,0,0,0,0,200,0,0,0,0,0,0,0,0,0,0,0,0,0,0,0
2020-10-01,10,10,KC10,12.6735,26.971800000000002,0.0069723875924818345,4.838901653123685,0.29554545454545456,6.5574259989163295,17.138238501990166,0.6298472631465941,8,NA,0.606248934593991,0.17484153285126,NA,NA,NA,2.0197522488011,6771,5883,0,222,0,2331,0,222,2997,25000,215000,190000,333,2775,0,222,20200,444,0,0,0,0,222,5333,2220,1110,222,4662,0,2886,333,386400,555,4329,777,0,111,0,0,0,5000,0,10000,0,0,0,0,0,1776,0,111,0,0,111,0,0,0,444,0,0,0,0,3330,0,222,444,444,0,5000,0,0,1110,0,0,0,0,333,0,0,2220,0,0,0,0,111,0,0,0,0,0,0,0,0,0,111,0,0,0,555,0,0,0,0,5217,0,222,0,0,0,0,0,111,0,0,0,0,0,0,0,0,0,0,0,0,0,0,0,222,0,0,0,0,0,0,0
2020-10-02,10,10,QCS01,12.3062,30.6533,4.991039787507932e-4,2.2092817904115236,0.1935454545454547,11.947224901661006,22.085002138340812,1.0398416472218956,8,1.27769451379946,NA,0.377415542855221,NA,NA,NA,1.97013576016648,5180,5328,0,148,74,148,0,74,1332,3500,80500,105000,1184,1110,148,1036,2146,148,0,0,0,3500,370,962,148,0,148,1110,0,1924,370,284152,0,0,7000,222,74,0,1406,0,7000,0,10500,222,444,0,0,0,444,3500,0,0,0,0,6586,0,444,0,2294,444,0,0,0,0,0,222,296,0,14000,0,0,74,0,0,0,0,0,0,0,0,0,0,0,0,74,0,0,0,0,0,0,0,0,0,222,0,0,0,74,0,0,0,0,444,0,148,0,296,74,0,0,74,0,0,0,0,0,0,0,0,148,0,0,0,0,0,0,0,0,0,0,0,0,0,0
2020-10-04,10,10,DFO2,10.8132,29.8958,0.0016325579729298762,8.098266948041669,0.27254545454545465,15.373485685325686,30.721208442465354,1.2206582454487633,3,1.40861622707543,0.14100807302323,0.100932812908631,0.8534186523900114,0.08543059304765005,0.06115075456233858,2.194814316352,1960,2508,0,0,0,0,0,0,440,8752,43760,98460,160,40,0,0,0,0,0,0,0,8752,0,40,0,0,0,80,0,120,40,247200,0,0,40,0,0,0,0,0,4376,0,4376,0,0,0,0,0,0,2188,0,0,0,40,0,0,0,0,0,0,0,0,0,0,0,0,120,0,6564,0,0,0,0,0,0,0,0,0,0,0,0,0,0,0,0,0,0,0,0,0,40,0,0,0,0,0,0,0,0,0,0,0,0,0,0,0,0,0,0,0,0,0,0,0,0,0,0,0,0,0,0,0,0,0,0,0,0,0,0,0,0,0,0,7068,0
2018-05-29,5,5,QU39,13.1465,27.4182,0.004331725566507985,4.4126323182667875,0.1663,8.89765964729117,24.8872482728855,0.97706476669219,7,0.0919152623905223,0.41146686854209,1.67512262077015,0.04219190356077007,0.18887581871027795,0.7689322777289519,0.791851628120676,3720,840,0,560,80,40,0,240,60,21875,345625,223125,280,40,0,2320,0,160,0,0,0,0,0,760,0,0,10040,80,4375,200,0,4160,0,0,0,0,0,0,0,0,52500,4375,0,0,0,0,4375,0,0,4375,240,0,0,0,0,0,0,0,0,360,0,0,0,0,40,0,40,0,0,0,0,0,0,0,0,0,0,0,0,80,0,0,0,0,0,0,0,0,0,0,0,0,0,0,0,0,0,0,0,0,0,0,0,0,0,0,0,0,0,0,0,0,0,0,0,0,0,0,0,0,0,0,0,0,0,0,0,0,0,0,0,0,0,0,0
2018-06-26,6,6,QU39,16.7093,24.6408,6.838771488167967e-4,4.696746366202774,0.465,0.149895242797593,30.5456911163046,0.125441463729051,6.5,0.084325254411168,0.279072882973587,1.32298933766273,0.05000348713381757,0.16548562362023528,0.7845108892459471,1.38983603015408,2440,NA,0,40,0,0,0,0,0,1750,24500,21000,0,0,0,0,0,0,0,0,0,0,0,0,0,0,0,0,0,0,0,0,0,0,0,0,0,0,0,0,0,3000,0,0,0,0,0,0,0,0,0,0,0,0,0,0,0,0,0,0,0,0,0,0,0,0,0,0,0,0,0,0,0,0,0,0,0,0,0,0,0,0,0,0,0,0,0,0,0,0,0,0,0,0,0,0,40,0,0,0,0,0,0,0,0,0,0,0,0,0,0,0,0,0,0,0,0,0,0,0,0,0,0,0,0,0,0,0,0,0,0,0,0,0,0
2018-07-23,7,7,QU39,13.3532,28.0545,9.632879202525478e-4,2.301742545929187,0.15655555555555556,6.33539001400568,29.6176287806898,0.91632649863513,7.5,0.490837667919726,0.13314037687691,1.02694001055861,0.297311950964221,0.08064626614569353,0.6220417828900854,1.29996146945449,3920,1480,0,880,160,0,0,240,1440,13125,301875,188125,80,320,0,840,0,560,0,0,0,0,0,280,0,0,40,200,0,40,0,420,80,0,0,0,0,0,0,0,0,0,8750,440,0,0,0,0,680,0,40,0,0,0,0,0,0,1040,760,360,0,0,0,0,0,40,0,0,0,0,0,0,160,0,0,0,0,0,0,0,0,0,0,0,0,0,0,0,0,0,0,40,0,0,0,0,0,0,0,0,0,0,0,0,0,0,0,0,0,0,0,0,0,0,0,0,0,0,0,0,0,0,0,0,0,0,0,0,0,0,0,0,0,0,0
2018-08-21,8,8,QU39,12.9264,27.6752,7.273969839533275e-4,2.5849026447295955,0.33449999999999996,12.0392625977904,35.4557390391285,1.28145854161998,8,0.183544408112822,0.39413984667579,1.51055012264193,0.08789454387714053,0.1887431080225571,0.7233623481003024,2.01521977858155,8160,1040,0,80,0,0,0,200,80,2500,280000,200000,2560,0,0,0,0,80,0,0,40,22500,0,80,0,0,240,40,0,0,0,160,0,0,0,0,0,0,0,0,0,0,17500,0,0,0,0,0,80,0,0,0,0,0,0,0,0,0,0,0,0,0,0,0,0,0,120,0,0,0,0,0,0,0,0,0,0,0,0,0,0,0,0,0,0,0,0,0,0,0,0,0,0,0,0,0,0,0,0,0,0,0,0,0,0,0,0,0,0,0,0,0,0,0,0,0,0,0,0,0,0,0,0,0,0,0,0,0,0,0,0,0,0,0,0
2018-09-13,9,9,QU39,14.496,28.0526,3.668382277371349e-4,1.4244611061053547,0.14600000000000002,8.56755279232353,27.5980412936128,0.982923824226721,9,0.0918677647618055,0.329315196092678,0.478314691929355,0.1021323007097191,0.3661101227707338,0.531757576519547,0.964420125864188,21520,480,0,0,0,0,0,120,0,0,519694,254544,0,40,0,680,0,0,0,0,0,5303,0,80,0,0,0,160,0,0,0,0,0,0,0,0,0,0,0,0,5303,0,5303,80,0,0,0,0,0,0,40,0,0,0,0,0,0,0,0,0,0,0,0,0,0,0,0,0,0,0,0,0,0,0,0,0,0,0,0,0,0,0,0,0,0,0,0,0,0,0,0,0,0,0,0,0,0,0,0,0,0,0,0,0,0,0,0,0,0,0,0,0,0,0,0,0,0,0,0,0,0,0,0,0,0,0,0,0,0,0,0,0,0,0,0
2018-10-24,10,10,QU39,11.1935,28.7892,4.5583408784590664e-5,1.1234175526960826,0.0840909090909091,14.2112652181958,34.5956519671273,1.45725674478034,12,0.096410573679792,0.601809657488986,0.671117179506228,0.07040673316028592,0.43948967785253734,0.49010358898717676,3.00330842519369,2046,248,496,186,1426,310,0,2666,372,2059,22649,18531,0,0,2059,2232,3596,3596,62,0,0,4118,0,2369,8990,0,0,744,0,124,0,3224,2480,0,124,310,0,0,62,0,0,0,0,620,4030,0,62,620,310,0,62,0,0,0,2914,1054,1550,4278,682,0,186,0,62,0,0,0,0,0,0,0,0,620,124,0,0,0,0,3286,0,0,0,0,0,0,0,0,0,0,868,0,0,0,0,0,0,0,0,0,434,0,0,0,0,0,0,0,0,0,0,0,0,0,0,0,0,0,0,0,0,0,0,0,0,0,0,0,0,0,0,0,0,0,0,0,0
2019-05-09,5,5,QU39,9.955,29.8878,4.2613416831047824e-4,0.50779178266896,0.2691818181818182,21.3474972203347,45.1996124818891,1.93983680675285,10,1.67772651007205,0.472682927214848,0.62297786183622506,0.6049376913936636,0.17043523901775232,0.22462706958858408,2.49631997880042,4144,3996,592,74,0,0,0,518,5698,8750,271250,218750,74,0,0,5328,2886,518,0,0,0,0,0,1258,0,0,296,370,0,518,0,52538,568750,0,26250,0,0,0,0,0,0,0,0,0,0,8066,0,0,0,0,74,0,0,0,962,0,0,0,0,296,370,0,0,0,0,0,74,0,0,0,0,0,296,0,0,0,0,0,0,0,0,0,0,0,0,0,0,0,0,0,888,0,0,0,0,0,0,0,0,0,0,0,0,0,0,0,0,0,0,0,0,0,0,0,0,0,0,0,0,0,0,0,0,0,0,0,0,0,0,0,0,0,0,0,0
2019-06-04,6,6,QU39,14.4478,27.9372,0.0020536483920210354,2.7634631626617647,0.3751,3.00638419077693,18.2036806330495,0.514052595383457,5.5,0.0990143246136476,0.211167157218951,1.08948111681848,0.07074156636683186,0.1508700435536842,0.778388390079484,2.49806920380102,2480,80,0,80,0,0,0,280,560,17500,406875,131250,1040,0,0,320,0,0,0,0,0,0,0,480,0,0,80,160,0,0,0,640,0,0,0,0,0,0,0,4375,0,4375,0,0,0,0,0,0,0,0,0,0,0,0,0,0,0,0,0,0,0,0,0,0,40,0,0,0,0,0,0,0,0,0,0,0,0,0,0,0,0,0,0,0,0,0,0,0,0,0,0,0,0,0,0,0,0,0,0,0,0,0,0,0,0,0,0,0,0,0,0,0,0,0,0,0,0,0,0,0,0,0,0,0,0,0,0,0,0,0,0,0,0,0,0
2019-07-09,7,7,QU39,18.108,24.4266,0.0028196948435943803,5.910803197507107,0.1156,0.00698772157776064,26.1571530423798,0.140811641591163,7,0.0497090181426993,0.212337921067029,1.08551666820189,0.03688806811737793,0.15757172418368048,0.8055402076989416,1.36619490106293,8304,40,0,0,0,0,0,0,0,7000,700000,49000,0,0,0,0,0,0,0,0,0,0,0,240,0,0,0,280,0,0,0,160,0,0,0,0,0,0,0,0,42000,0,0,0,0,0,0,0,0,0,0,0,0,0,0,0,0,0,0,560,0,0,0,0,0,0,0,0,0,0,0,0,0,0,0,0,0,0,0,0,0,0,0,0,0,0,0,0,0,0,0,0,0,0,0,0,0,0,0,0,0,0,0,0,0,0,0,0,0,0,0,0,0,0,0,0,0,0,0,0,0,0,0,0,0,0,0,0,0,0,0,0,0,0,0
2019-08-07,8,8,QU39,17.2067,25.4144,0.007195870998149347,8.206792918211704,0.7940909090909092,1.05322565706618,33.5797923474725,0.356712289065994,5,0.176786494521677,0.444525768303095,0.65905872740253,0.13807442988870938,0.34718512969758797,0.5147404404137027,1.7919451929748,14360,200,240,0,40,0,0,0,0,14000,714000,497000,40,0,0,0,0,0,0,0,0,0,0,0,0,0,0,40,0,0,0,0,0,0,0,0,0,0,0,0,7000,0,0,0,0,0,0,0,0,0,40,0,0,0,0,0,0,0,0,0,0,0,0,0,0,0,40,0,0,0,0,0,0,0,0,0,0,0,0,0,0,0,0,0,0,0,0,0,0,0,0,0,0,0,0,0,0,0,0,0,0,0,0,0,0,0,0,0,0,0,0,0,0,0,0,0,0,0,0,0,0,0,0,0,0,0,0,0,0,0,0,0,0,0,0
2019-08-29,8,9,QU39,14.1475,26.2391,0.0021420785418450887,4.8002271900487585,0.5863636363636364,17.9266570588571,44.2768878732414,1.70840698224215,11,NA,NA,NA,NA,NA,NA,NA,5200,960,40,40,120,40,0,0,520,27223,330565,233340,120,360,0,480,120,120,0,0,0,0,0,8218,0,0,1760,120,0,0,280,8954,0,3889,360,0,0,0,0,0,11667,0,3889,0,0,0,0,0,200,0,520,0,0,0,0,0,0,0,0,200,200,0,0,0,40,0,400,0,0,0,0,40,0,0,0,0,0,0,0,0,0,0,0,0,0,3889,0,0,0,0,0,0,0,0,0,0,0,0,280,0,0,0,0,0,0,0,0,0,0,0,0,0,0,0,0,0,0,0,0,0,0,0,0,40,0,0,0,0,0,0,0,0,0,0,0
2020-04-29,4,5,QU39,10.8924,29.1171,1.4189488183057362e-4,0.5779278840207098,0.20540000000000003,1.31150548744882,21.4173676047336,0.605300582011717,NA,3.46725609457839,0.660778287143376,0.269239453902817,0.7885012906151898,0.15026998814357895,0.06122872124123118,3.85199749465279,7632,12040,144,720,2304,288,0,8496,4896,0,0,3500,2160,0,0,21888,0,6192,0,0,0,0,0,3788,1440,288,0,0,3500,1152,0,17424,1008,0,5372,182336,1296,0,0,0,0,0,0,0,0,2592,0,0,288,87500,0,0,0,0,13104,0,0,0,0,0,0,0,144,0,576,144,144,0,10500,0,0,1728,19296,0,0,0,0,0,3500,0,0,0,0,0,0,0,0,0,0,0,0,0,0,144,0,0,0,0,5904,0,0,0,0,0,0,0,0,0,0,0,0,0,0,0,0,0,0,0,0,0,0,0,0,0,0,0,0,0,0,0,0,0,0,0,0
2020-06-04,6,6,QU39,14.9068,26.6022,0.0015515171790323177,4.083517382548962,0.2347,0.281774526266578,18.089103470924,0.336220692525061,7.5,0.90967413102685,0.224105261436044,1.30331711352278,0.3732614317047474,0.09195584207914062,0.5347827262161121,1.72059645140182,4320,120,0,760,0,40,0,120,360,43750,498750,708750,0,200,0,40,0,0,0,0,0,0,0,320,0,0,0,80,0,40,0,0,0,0,8790,0,40,0,0,0,0,0,0,0,0,0,0,0,0,0,80,0,0,0,0,0,0,0,0,0,0,0,0,0,0,0,0,0,8750,0,0,0,0,0,0,0,0,0,0,0,0,0,0,0,0,0,0,0,0,0,0,0,0,0,0,0,0,0,0,0,0,0,0,0,0,0,0,0,0,0,0,0,0,0,0,0,0,0,0,0,0,0,0,0,0,0,0,0,0,0,0,0,0,0,0
2020-07-09,7,7,QU39,16.6248,20.7724,0.001046130443804039,7.495901940418321,0.05428571428571428,0.33759514957486064,36.40645293201935,0.2400706497259688,9.5,0.350955197682003,0.150057155925681,0.516399183711479,0.3449491034933173,0.14748914320460269,0.50756175330208,1.04603617757492,13888,21992,0,62,0,0,0,806,496,0,10500,14000,930,434,0,310,248,0,0,0,0,0,62,124,0,0,62,62,0,62,0,744,0,0,1750,558,62,124,0,0,0,0,0,0,0,0,0,0,310,0,0,0,0,0,1054,0,0,496,0,28048,0,0,0,0,186,0,0,0,0,0,62,124,0,0,0,0,0,0,0,0,0,0,0,124,310,0,0,62,0,0,0,0,124,0,0,0,0,0,0,0,62,0,0,0,0,0,0,0,0,0,0,0,0,0,0,0,0,0,0,0,0,0,0,0,0,0,0,0,0,0,0,0,0,0,0
2020-08-04,8,8,QU39,19.1877,24.3021,0.001520293976738979,5.5878153169148845,0.16922222222222222,0.049809233814229824,27.4760606933608,0.10709410797908604,10.5,0.105038958982741,0.193201762617416,0.388789309712673,0.15288845348146493,0.28121298023644054,0.5658985662820945,1.0585465096268,9120,11747,0,0,0,0,0,0,41,31112,283897,268341,0,160,0,0,0,0,0,0,0,0,0,44,0,0,160,0,0,120,40,280,0,0,0,0,0,0,0,0,7778,0,0,280,0,0,0,0,0,0,0,0,0,0,0,0,0,0,0,0,0,0,0,0,0,0,0,0,0,0,0,0,0,0,0,0,0,0,0,0,0,0,0,0,0,0,0,0,0,0,0,0,0,0,0,0,0,0,0,0,0,0,0,0,0,0,0,0,0,0,0,0,0,0,0,0,0,0,0,0,0,0,0,0,0,0,0,0,0,0,0,0,0,0,0
2020-09-01,9,9,QU39,12.2704,27.1666,0.002452377057821828,2.8479111024605572,0.3398,9.420657367735036,31.5827611348523,0.9315562856344614,6.5,2.60859135316783,0.753992862912705,0.577517368423259,0.6620619537900441,0.1913638130240393,0.1465742331859167,2.26506273309813,2581,1424,178,1424,0,3204,0,7120,5607,14000,245000,392000,1068,445,178,2136,4183,89,0,0,89,0,0,91623,2759,0,979,1157,0,356,0,619455,3382,28000,14000,8010,0,178,445,0,14000,0,0,445,1780,0,0,0,6319,0,0,0,0,89,14952,1246,0,4005,1424,890,0,89,0,0,0,89,0,0,0,0,0,89,1691,0,0,0,0,178,0,0,0,0,0,0,0,0,0,0,0,0,0,0,89,0,0,0,0,0,178,0,0,89,0,0,0,0,0,0,0,0,0,356,0,0,0,0,0,0,0,0,0,0,0,0,0,0,0,0,0,0,0,0,0,0,0
2020-10-08,10,10,QU39,12.3573,27.2168,0.0017024581798754234,2.9396443712440714,0.04233333333333333,14.391113750794608,38.21193223325197,1.3135873857440563,12,0.0896344670090622,0.26890578776636,0.579631064635321,0.09554168322408406,0.28662759370565416,0.6178307230702618,1.08894927056683,3760,1080,0,240,0,0,0,40,520,17500,196000,182000,400,200,0,0,0,0,0,0,0,3500,40,120,0,0,0,0,0,0,80,120,0,0,0,0,200,0,0,0,10500,0,0,0,0,0,0,0,0,3500,0,0,0,0,0,0,0,0,0,0,0,0,0,0,0,0,40,0,10500,0,0,0,0,0,0,0,0,0,0,0,0,80,0,0,0,3500,0,0,0,0,0,0,0,0,0,0,0,0,0,0,0,0,0,0,0,40,0,0,0,0,0,0,0,0,0,0,0,0,0,0,0,0,0,0,0,0,0,0,0,0,0,0,0,0,0
