ymd,station,sal_dm,temp_dm,dd_dm,turb_dm,n2_max_dm,no2_dm,sio2_dm,po4_dm
2018-01-03,QU39,28.4161,7.1153,0.8168408304200057,0.01250000000000001,7.555226751334757e-4,27.034,51.027,2.324
2018-01-04,QU39,28.2267,6.4782,0.670698542503601,0.01449999999999998,8.03991821726264e-4,NA,NA,NA
2018-01-09,QU39,28.5004,7.146,0.44419851640429897,0.16030000000000005,5.951529218360739e-4,27.816,52.313,2.404
2018-01-10,QCS01,31.39995,7.84595,0.19934050815868432,0.035700757575757525,5.202723726821413e-4,17.0435041279007,28.5645886635474,1.40240483384882
2018-01-11,KC10,30.486400000000003,7.018800000000001,0.5835064989357193,0.057200757575757544,7.233521401573297e-4,19.9858376869888,33.8440848738674,1.4472441089258
2018-01-22,QU39,29.0054,8.001,0.2679125675385876,0.14200000000000002,9.260534979619424e-4,27.4084909022507,53.8403090736743,2.42929391719247
2018-01-12,DFO2,30.22835,7.5696,0.9207338246052927,0.21770075757575755,0.00134048557253045,19.5203986552853,32.9963047588137,1.517
2018-01-24,QU39,28.8777,7.9432,0.2354262391654629,NA,0.00110705396276316,NA,NA,NA
2018-01-31,QU39,28.3055,7.5321,0.3693295825352152,0.11575000000000002,NA,27.4304291574359,52.5755692944356,2.35663015540528
2018-02-01,QU39,28.4168,7.6159,0.2069290216142008,0.2378571428571428,NA,NA,NA,NA
2018-02-06,QU39,28.1905,7.5044,0.6382867515570751,0.09239999999999998,7.497758921472254e-4,27.3860798293309,49.7727146531851,2.34761393216157
2018-02-13,QU39,28.3726,7.5333,0.7942411354990782,0.11966666666666664,5.262334162336554e-4,26.9488240622157,53.9074541479077,2.33735420175767
2018-02-14,QU39,28.06,6.9615,0.7882259425447273,0.04228571428571426,7.111236378244144e-4,NA,NA,NA
2018-02-19,QU39,28.5277,7.2429,0.4957776881890368,0.05612500000000001,5.690630969185819e-4,26.9662740711639,53.8797930449626,2.35067780688652
2018-02-19,KC10,30.2912,6.4089,0.5070365130004575,0.3150454545454545,0.00685573075275691,20.35799086523,36.3481591027315,1.65845155007239
2018-02-20,DFO2,29.31445,6.7418,1.702473778044748,0.19054545454545452,0.013013092801478814,18.6938323353423,33.423152739995,1.464
2018-02-21,QCS01,30.345,6.5036,0.7074765217284948,0.09354545454545449,0.01068246401012908,18.1442010501826,32.9342756235842,1.45462781510136
2018-02-27,QU39,28.0997,6.7347,0.4820907150410676,0.1088,8.06770359523241e-4,25.6915600232855,49.2989960870172,2.18575616706819
2018-03-05,QU39,28.0946,6.8304,0.4678964121953868,0.22559999999999997,7.105504413841569e-4,NA,NA,NA
2018-03-06,QU39,28.1083,6.9799,0.5872904361973497,0.089,6.582630973251051e-4,25.2559578827334,45.7744568032671,2.16708245490282
2018-03-13,QU39,28.2323,7.2589,1.0460508259349126,0.2147777777777778,7.199901931979354e-4,23.4320065529632,46.008618672871,1.90121811282637
2018-03-16,QU39,28.0612,7.6114,0.9006047878445997,0.9435,0.0010506391229259,NA,NA,NA
2018-03-20,QU39,28.2328,8.6052,1.1353038404082554,0.8700000000000001,0.00118404329151699,0.0580017425693338,0.599095776521613,0.0991831867835627
2018-03-24,QCS01,31.18325,7.5245999999999995,0.43980217103080577,0.19927499999999998,8.093062374155083e-4,16.7817414181034,32.8640441356687,1.41074740105035
2018-03-27,QU39,28.8686,8.0889,0.35274634817585593,0.4630000000000001,5.158704764526532e-4,13.669176175618,23.6245184986014,1.38846139154401
2018-03-28,QU39,28.6538,8.1197,0.3499563094092082,0.2038,5.460918948402926e-4,NA,NA,NA
2018-03-27,KC10,31.06345,7.00165,1.0258062320167483,0.07327500000000003,0.01489044643175462,18.7438530491392,34.6824441996889,1.54722887343558
2018-03-31,DFO2,27.97505,7.57125,7.0331304244020885,1.0982750000000001,0.02704382364095782,10.5513680564737,19.0974482198667,0.905
2018-04-04,QU39,28.9387,8.4386,0.28293539025719383,0.3627272727272728,6.756799853345353e-4,NA,NA,NA
2018-04-12,QU39,28.578,8.9426,0.6029386155726115,0.7495,6.132358572130025e-4,2.80481605439532,11.1333672374307,0.753504125328009
2018-04-17,QU39,28.8374,8.9242,0.3563627471481823,0.07780000000000001,6.43179936959057e-4,8.77610353219137,18.9947347409094,1.33242768435124
2018-04-22,QCS01,31.5551,8.6587,0.34243013357991003,NA,0.05422996913071978,6.70268838773812,12.1081896588063,0.754075737467918
2018-04-25,DFO2,28.4433,8.713,6.155967789149031,NA,0.01200938700480955,3.96029187980396,17.4582985688276,0.425947258360566
2018-04-24,QU39,28.4513,10.1724,0.9922203747646564,0.3961,9.4399357492491e-4,3.50084716248508,14.4373052096602,0.758910622590037
2018-04-25,QU39,28.5425,10.0492,0.913121718660932,0.2264,6.543564755721375e-4,NA,NA,NA
2018-04-28,KC10,30.178449999999998,9.17985,1.4397211207409555,NA,0.00143093266972592,7.56807559154635,16.6427694830057,0.750911414990346
2018-04-16,QU39,28.8847,8.9052,0.3646282469843527,0.08399999999999999,5.947672250939382e-4,NA,NA,NA
2018-05-02,QU39,28.6658,10.9228,1.2802399661720756,0.582,0.00159696631542317,1.77162531674723,14.3901756491487,0.656597953258448
2018-05-10,QU39,28.3379,13.0312,1.389722145133419,0.2911,0.00136057679275085,NA,NA,NA
2018-05-08,QU39,28.0989,13.0908,1.8359560598156577,0.4623,9.864221010419509e-4,0.0341237252570574,6.90092740858656,0.300273806957728
2018-05-15,QU39,28.26,12.8873,2.421271000047568,0.2813,0.00302276499503764,1.66709819576408,14.8763770369432,0.512570239517165
2018-05-22,QCS01,30.9559,12.2423,1.301402251065042,0.5287692307692308,0.01579800629866678,NA,NA,NA
2018-05-23,KC10,29.45365,11.2134,8.18181493494302,0.9077692307692304,0.029484346886974676,0.0656768525065621,2.13330006673911,0.0431001120783333
2018-05-22,QU39,24.6215,16.0004,6.442912662280037,0.2326,0.00575255514866215,0.256299305454711,17.5414534977446,0.164157182800732
2018-05-25,QU39,24.8513,16.7745,5.636945985417924,0.1996,0.00768159697848879,NA,NA,NA
2018-05-29,QU39,27.4182,13.1465,4.4126323182667875,0.1663,0.00796053309621488,8.89765964729117,24.8872482728855,0.97706476669219
2018-05-29,QCS01,31.1393,11.1817,0.7020003951110994,0.7082692307692308,0.00437769720777053,1.33228695874117,4.41584218476902,0.300077059989726
2018-05-30,DFO2,27.872700000000002,9.2187,12.12601787668848,0.7467692307692307,0.08677844669053883,8.13298786714879,19.0958813932622,0.672111972005526
2018-06-04,QU39,26.8674,13.7981,2.5409941605208815,0.3172,0.00181136078807828,NA,NA,NA
2018-06-05,QU39,25.471800000000002,14.547,4.189205495650867,0.6209,0.0035057890536832,0.117421971989531,22.4660612608217,0.129018550932346
2018-06-11,QU39,23.5888,14.4892,5.6662560095988965,0.3563636363636363,0.00724292226610871,0.0618743410443103,28.1178014076903,0.1300947047741
2018-06-20,QU39,25.9289,15.1633,4.4069242193651235,0.9103636363636364,0.00277665568225598,NA,NA,NA
2018-06-19,DFO2,29.4013,9.4239,6.9615125153886765,0.4305,0.04715705220895068,10.8066666958892,16.5034524824275,0.90485478773015
2018-06-24,QCS01,30.5897,13.4887,1.517759093787845,0.6435,0.00173629397655016,NA,NA,NA
2018-06-26,QU39,24.6408,16.7093,4.696746366202774,0.465,0.00523749997195514,0.149895242797593,30.5456911163046,0.125441463729051
2018-06-27,KC10,29.0245,12.4381,3.358040261826659,0.5695000000000001,0.00391825948986113,0.0941194479325657,0.427614265700039,0.0339856818662154
2018-07-11,QU39,26.3581,15.3392,4.796409902995265,0.8728333333333332,0.01154966622035674,0.171166230652392,33.844439936581,0.221321770134296
2018-07-14,QCS01,31.0938,10.2671,1.6660004157620278,0.6938249999999999,0.00566895017190538,8.46413780855588,14.8760545378909,0.710899792298113
2018-07-15,KC10,30.2745,10.634699999999999,3.515719017280162,1.344325,0.013457817028143955,0.0712811523881344,0,0
2018-07-16,QU39,27.7826,12.5155,1.8292040231472129,0.17780000000000007,0.00288106348217781,18.7111054910427,47.2031523800327,1.72759681615703
2018-07-19,QU39,27.2842,12.9455,2.291360090988519,0.4536,0.01520664942082851,NA,NA,NA
2018-07-24,DFO2,29.3778,10.26935,12.674881293451733,0.48382499999999995,0.049744323978351095,11.0956271085232,21.2418502551465,0.928460594105564
2018-07-23,QU39,28.0545,13.3532,2.301742545929187,0.15655555555555556,0.00339161251220926,6.33539001400568,29.6176287806898,0.91632649863513
2018-07-30,QU39,27.927,14.826,4.111545911899839,0.1910999999999999,0.01079302760840122,NA,NA,NA
2018-07-31,QU39,26.8533,17.5852,4.884542920515173,0.361,0.00583537456360116,0.00128128795464186,1.0656962229146,0.184783123558758
2018-08-09,QU39,26.7778,18.9001,4.959766996413009,0.7941,0.01039810138550867,0.20498596483657,13.5086363998655,0.224535675324942
2018-08-14,QU39,27.1465,15.1763,3.7418801070288055,0.5325,0.00361068130666101,6.46514716574148,28.1753103491921,0.829447967652503
2018-08-15,QU39,26.867,14.622,3.27844981158637,0.1528,0.00505369417530816,NA,NA,NA
2018-08-21,QU39,27.6752,12.9264,2.5849026447295955,0.33449999999999996,0.00266463811988537,12.0392625977904,35.4557390391285,1.28145854161998
2018-08-21,DFO2,30.3434,9.95275,18.44118937471535,0.6730833333333333,0.053801181387221855,4.75908716242219,0.980806657131278,0.48318109039381
2018-08-19,KC10,28.6314,14.3392,4.799679812465342,0.8490833333333333,0.01102218999822178,0.154255043806208,7.5578559428211,0.117538116224042
2018-08-28,QCS01,31.2593,11.5636,1.471124214349402,0.5090833333333332,0.00111167640028709,8.24905985429175,14.6995936233067,0.683727356588254
2018-08-29,QU39,27.7579,13.5188,2.1067638928979022,0.7772727272727272,0.00315554693416079,0.107128828367714,15.4348030500003,0.264892809511374
2018-09-04,QU39,27.9374,12.7367,2.443745391629363,0.263625,0.00375944813110939,0.566346459289471,6.33608207831081,0.192583651240299
2018-09-05,QU39,28.208,12.0916,2.245763952891707,0.08924999999999997,0.0031713083752319,NA,NA,NA
2018-09-11,KC10,30.75235,12.217400000000001,1.5664757580206015,0.1237545454545454,0.00331463577638741,7.93973029415717,17.1891322318361,0.820044971084654
2018-09-13,QU39,28.0526,14.496,1.4244611061053547,0.14600000000000002,0.00114148133103774,8.56755279232353,27.5980412936128,0.982923824226721
2018-09-13,QCS01,31.1934,12.6966,2.035465726547727,0.14975454545454542,0.006772085895597215,7.89409613172151,16.1462262292624,0.75948634503126
2018-09-14,DFO2,29.720599999999997,10.5093,9.956271620340374,0.4257545454545454,0.05623300211323628,11.9937298480913,22.3548831373701,1.06124244587019
2018-09-18,QU39,27.3597,14.239,1.9042480683673375,0.2168,0.00134240947089865,4.56732556533931,21.7389663948047,0.603770946780372
2018-09-27,QU39,28.2639,11.9615,1.5972606825009734,0.1986,0.00193893702234557,NA,NA,NA
2018-09-25,QU39,27.8594,13.7054,2.8097730469514772,0.08049999999999999,0.00301159085484052,5.86285717382811,20.7164704414041,0.690303313324984
2018-10-04,QU39,27.2416,10.8442,1.838598149518816,0.3627777777777778,0.00202606663111812,7.85050829373844,31.7602091595345,0.988931799534672
2018-10-09,QU39,27.8661,11.7155,1.6928718804481375,0.1668,0.0021028334529188,12.4569810781678,34.3979282708955,1.23928216887278
2018-10-12,QU39,28.1829,11.7674,1.7786694103725722,0.27790000000000004,0.00161615014544157,NA,NA,NA
2018-10-16,QU39,28.5461,10.8339,1.3759111860779285,0.35,0.00104762170834555,10.9178686768346,35.6026914619585,1.24366090478603
2018-10-23,KC10,30.6436,9.84,1.1060750832972417,0.16472727272727272,0.00185736413144365,11.9474886522859,27.5389605857878,1.1017641916136
2018-10-30,QU39,29.1042,10.8551,0.2854473177529826,0.05615384615384616,0.00131513038893281,19.1486054761283,42.4468769112471,1.81133959135252
2018-10-24,QU39,28.7892,11.1935,1.1234175526960826,0.0840909090909091,9.118925493460916e-4,14.2112652181958,34.5956519671273,1.45725674478034
2018-11-07,QU39,28.7687,10.4402,0.7805453602347825,0.13424999999999998,6.065944969429699e-4,18.3734255526399,40.585877754432,1.77991864044803
2018-11-08,QU39,28.5133,10.4988,1.4447553282321903,0.0484444444444444,0.00190442571770243,NA,NA,NA
2018-11-19,QU39,27.8233,9.3105,1.4145530141942118,0.19077777777777777,0.00168792086072445,19.8786590384132,36.7800581448266,1.75356834175465
2018-11-21,KC10,28.5712,8.638549999999999,2.3478057089047297,0.14888636363636365,0.002623218533239065,18.8529845404029,35.3313832924327,1.51952036059773
2018-11-16,QU39,28.337,9.9267,0.9482083677573884,0.01737499999999997,8.600130184112682e-4,21.1974276662777,37.9451033101234,1.86330891175083
2018-11-28,QU39,28.743,9.4231,0.4931160437315611,0.00645454545454546,6.466894086041354e-4,24.7406841277484,43.1519966554703,2.08827174763863
2018-12-04,QU39,28.2179,8.5171,1.0712222034306933,0.01733333333333334,0.00105984855436949,23.9852161456663,44.4466186783574,2.0237735003614
2018-12-05,QU39,28.7509,9.2494,0.929693548174555,0,0.00147322153979742,NA,NA,NA
2018-12-19,QU39,28.6169,8.6185,0.35790909587137776,0.10510000000000004,7.053245682288405e-4,NA,NA,NA
2018-06-18,QU39,27.8141,11.1231,3.314786233503014,0.1634,0.00802809951802637,11.8852715237998,38.2452949546071,1.13762185190749
2019-01-16,QU39,28.0049,7.3578,0.9605743740013396,0.01100000000000001,0.00157804907488152,27.6491262636493,54.6028277813155,2.28536613966014
2019-01-21,KC10,29.3569,7.2209,1.252240906421093,0.03429999999999988,0.00114204362307473,19.3864067859472,33.3169108124235,1.56282671836503
2019-01-23,QU39,28.3814,7.7276,0.5217212370821471,0,8.51635311204658e-4,28.8998115333725,56.6583057139373,2.35942162256175
2019-01-29,QU39,28.4062,7.7769,0.545644588517348,0.02191666666666669,7.084741523578586e-4,28.4302167928038,55.9747898306295,2.31507195733178
2019-02-05,QU39,29.0285,7.6707,0.32699481751888015,0.03572727272727261,6.256083112794806e-4,29.2390938659242,59.282460856671,2.39285418825717
2019-01-24,DFO2,28.3264,7.7525,3.186452827657149,0.2142999999999999,0.00538509771973836,17.5115327818507,32.1099395705185,1.39504574058038
2019-02-12,QU39,28.5831,6.3297,0.5060970856517315,0.00162499999999998,9.87259787715569e-4,27.0475271329703,52.0861306240932,2.33276581328112
2019-02-15,KC10,31.026,6.8146,0.15059981961394442,0,7.274188170239134e-4,NA,NA,NA
2019-02-14,KC10,30.9931,6.8506,0.16430206542554515,0.38775,3.98027803614642e-4,18.9327443549482,32.686114526976,1.51319191562509
2019-02-19,DFO2,30.7881,7.5464,0.6358577294229235,0.23875,7.278342073133028e-4,18.9239977597344,31.2268036307097,1.5846751888703
2019-02-21,QU39,28.5385,6.1607,0.5573540643607657,0.04550000000000009,8.681486928194131e-4,26.476032645297,48.6231241999357,2.26682665425453
2019-02-26,QU39,28.8865,6.566,0.24990687856075056,0.09354545454545447,3.904719797329053e-4,26.5539023916947,51.8697027196094,2.28880055541295
2019-03-05,QU39,29.0165,6.4211,0.4262935004697965,0.05391666666666661,4.871217471521456e-4,25.7503110247177,53.1424662863443,2.26137182277903
2019-03-12,QU39,28.8363,6.8243,0.5525020462508792,0.6214000000000001,0.00132296058956783,13.5429519612344,25.5491735602484,1.26289181109917
2019-03-13,KC10,31.0695,6.9527,0.5044120815607585,0.12354545454545462,0.00186023105843351,15.6374681514182,27.9038599819267,1.32647277497932
2019-03-15,DFO2,30.5156,7.364,0.9024150341062978,0.41154545454545466,0.00112873423306687,10.2992115942056,19.2890956474252,0.895442892508995
2019-03-20,QU39,29.089,7.56,0.6341271753242381,0.3296923076923076,0.00102774967132074,13.8165637899518,26.6984325914816,1.37231724783653
2019-03-27,QU39,29.1485,8.6583,0.6018975636741288,0.7742999999999999,8.739334644944734e-4,1.61866737810905,10.4694256107258,0.560198679580075
2019-04-02,QU39,29.1948,9.1662,1.0887321514414907,0.05954545454545457,0.00155543710806624,0.00896670200369353,1.98680113711829,0.476391351006274
2019-04-10,QU39,29.22375314,9.382506889,NA,0.02112056118611671,0.0113429042495326,9.66951393852966,21.6855310675915,1.25771879032567
2019-04-17,QU39,29.4151,9.5061,0.24434821022589404,0.00520000000000009,4.018888381158934e-4,NA,NA,NA
2019-04-18,KC10,31.354,8.3425,0.5237047425732726,0.05249999999999999,7.584905304876519e-4,10.8390719175685,17.4537055418428,1.1753998329721
2019-04-19,DFO2,30.7774,8.2858,6.358070890723525,0.23249999999999993,0.03020588515272158,11.5800719533031,18.1803479362568,1.09614194930322
2019-05-02,QU39,29.2944,10.4081,1.1958952349526726,0.3995,0.00181670797550446,13.2427498254431,39.4806608440863,1.3751897726983
2019-05-09,QU39,29.8878,9.955,0.50779178266896,0.2691818181818182,4.404258371950983e-4,21.3474972203347,45.1996124818891,1.93983680675285
2019-05-11,KC10,30.9056,9.4917,1.677735782126888,0.7507,0.00251125695012491,10.9981587935156,25.7462421725854,1.02092268397668
2019-05-13,QCS01,31.6096,10.0424,0.5544225997655303,1.0547,0.00180830475189859,0.0252373348085397,0.258195769275625,0.0481114110653786
2019-05-14,DFO2,29.7401,10.3501,16.00591840332072,0.4247000000000002,0.05213706011248337,5.05824585740805,15.8019395231101,0.639725919206859
2019-05-22,QU39,29.0817,13.7753,1.3209988481866048,0.01366666666666666,0.00128642523640292,0.331559873007192,6.62874966211176,0.384219310714627
2019-05-29,QU39,28.5124,13.3135,2.5752048125578995,0.42527272727272736,0.0029771192665561,2.12852555714566,16.201817036915,0.588993346786965
2019-06-04,QU39,27.9372,14.4478,2.7634631626617647,0.3751,0.00381604492474563,3.00638419077693,18.2036806330495,0.514052595383457
2019-06-09,QCS01,31.4516,11.7471,0.8804632769849832,0.3418,0.00627782280899147,0,1.61919162853084,0.181033745601284
2019-06-10,KC10,30.9676,10.1577,2.127263510365765,0.29280000000000006,0.00656992440778587,4.14701637367013,11.4234807766429,0.479433273888056
2019-06-11,DFO2,29.0008,9.8456,13.212993395496824,0.3268000000000001,0.06826603683245851,6.66026788187142,20.3015315297311,0.586073935090072
2019-06-20,QU39,28.6468,11.6641,1.3690541211759637,0.1561,0.00159803505338103,19.3587972414278,40.711948445022,1.57946581952837
2019-06-25,QU39,28.4615,14.4707,2.295581096628325,0.911,0.00344034660300759,1.11077165929203,28.4567178214379,0.484874150554677
2019-07-06,DFO2,29.826,9.8637,9.356489729913733,0.46019999999999994,0.05908791862934386,13.1887111553526,28.3963884563124,1.21089204655227
2019-07-07,QCS01,31.4805,13.6243,1.6560080484642867,0.30620000000000003,0.00184952294081026,1.44216108541418,4.9594117752844,0.290601448250565
2019-07-10,KC10,29.9441,13.3128,3.4072641758108375,0.5742,0.00893069204307022,0.0813899497704903,0.318649119522038,0.063961490066061
2019-07-18,QU39,25.1011,17.5362,4.854130855798076,0.8859999999999999,0.00446493402889285,1.63363599562545,27.5853430193292,0.340374085413585
2019-07-24,QU39,24.8055,18.2989,5.525609739538254,0.5415999999999999,0.00906179335732328,0.0680498165487027,31.8717126274415,0.108968373090682
2019-07-09,QU39,24.4266,18.108,5.910803197507107,0.1156,0.00463688099353842,0.00698772157776064,26.1571530423798,0.140811641591163
2019-07-30,QU39,27.105,13.4202,3.931574233010678,0.3703636363636365,0.00999294580016142,16.6822713470453,39.6473956346624,1.5744853469677
2019-08-03,KC10,29.1071,11.9893,3.722587437937363,0.3733333333333333,0.00587886784576891,8.30635787914334,17.6739105242634,0.839751593020855
2019-08-05,DFO2,29.7555,10.6721,9.213342430226362,0.7203333333333333,0.05901798288141383,9.66676271092645,23.0535890063156,0.925957465825035
2019-08-06,QCS01,30.5249,13.4302,2.0327516712134184,0.6153333333333333,0.00319884115917532,3.72878524423661,11.580526294218,0.567584956510166
2019-08-07,QU39,25.4144,17.2067,8.206792918211704,0.7940909090909092,0.02687259387054274,1.05322565706618,33.5797923474725,0.356712289065994
2019-08-15,QU39,25.2235,19.0729,5.083393843750855,0.4444999999999999,0.0065993044735316,0.556627532686503,21.1514159337546,0.224541859609416
2019-08-20,QU39,27.0118,17.3026,3.702169147714585,0.5407,0.00332210180461175,3.20804739890032,28.5226199054775,0.565376667332312
2019-08-29,QU39,26.2391,14.1475,4.8002271900487585,0.5863636363636364,0.00745529786751146,17.9266570588571,44.2768878732414,1.70840698224215
2019-08-31,QCS01,30.2062,13.8553,2.264761131535238,0.4737,0.0025844261087419,3.13929456683333,12.886094076261,0.540328508946919
2019-09-01,KC10,29.506,12.7236,4.3310307573253795,0.3157000000000001,0.01279265211543316,7.65572372137828,21.2149017232208,0.820637832268192
2019-09-02,DFO2,30.183,10.8213,4.124798318259195,0.24970000000000003,0.02079809922144674,10.5295177022917,22.627895871957602,0.955690406441564
2019-09-04,QU39,27.4461,16.096800000000002,3.1552025500403715,0.6776,0.00393085015787629,1.9939832548305,22.2026662643909,0.381753094543805
2019-09-24,QU39,26.9905,14.746,2.62615432386724,0.6543636363636363,0.00313105004305485,6.02157335444145,32.916531977048,0.677780552556104
2019-10-01,KC10,29.9545,10.7604,1.9037076708725635,0.17290000000000005,0.00432345358827315,17.0607869683729,34.444426164846,1.500438394397
2019-10-04,DFO2,29.8691,10.6305,4.727407932611527,0.21889999999999987,0.0278529754447434,17.8220772026788,33.5847497339975,1.49025041828785
2019-10-05,QCS01,32.1961,12.2691,0.14822620208860826,0.09189999999999988,8.40954119537253e-4,6.71448556887225,14.1999259715165,0.762365529229194
2019-10-12,QU39,28.0492,11.7075,1.5097185067645569,0.31874999999999987,0.00156305144676752,NA,NA,NA
2019-10-18,QU39,28.4745,11.2227,0.7208016455866755,1.0803999999999998,0.00128622970536205,18.491063425616,45.1876038374361,1.74433931799201
2019-10-30,QU39,28.2683,9.8282,0.9136567652842588,0.12842857142857145,0.00140332905256222,21.1975033958554,47.6425992564871,1.91780396373316
2019-11-05,QU39,28.5148,10.2975,0.9001235977765418,0.11550000000000002,8.625329398578291e-4,18.3214259964014,44.8708857006831,1.65522563974322
2019-11-13,QU39,28.2709,10.0834,1.1326679898767225,0.08159999999999999,7.006446794208998e-4,17.6545247307463,42.5398661589048,1.60944746903126
2019-11-20,QU39,28.2986,9.839,0.8149000969241342,0.04189999999999999,8.404784603524957e-4,20.9899832769992,46.1733126157214,1.85700836694888
2019-11-25,DFO2,27.643,9.6122,13.062694882806111,0.5680909090909092,0.0501847811716945,15.9046649603484,31.1012352530671,1.16405861550173
2019-11-26,KC10,28.7207,9.0446,2.4689585529282567,0.493090909090909,0.00274323589634351,18.6454075893789,33.7364918604938,1.43284972108399
2019-11-26,QU39,28.3973,9.0593,0.9564739077993636,0.02257142857142857,0.00100847104778913,22.4126221169522,48.0942029509613,1.9358802841414
2019-12-03,QU39,28.6381,8.0492,0.8311534406038845,0,0.00101983192311995,25.0169337127006,50.092075070789,2.16991733979111
2019-12-13,QU39,28.642,8.2617,0.50148680634436,0.0177,8.140559718631618e-4,24.3857084637892,48.0178266735066,2.14415787885602
2020-01-08,QU39,28.9902,7.9596,0.3877040501456577,0.00225,5.623483608825813e-4,27.7555888513513,53.7546522588173,2.38146970999002
2020-01-28,QU39,28.5492,7.5777,0.576322881465444,0.07559999999999997,6.713551567225503e-4,27.4942065988462,53.9374502035389,2.35081870359254
2020-02-09,QCS01,30.9207,7.2966,0.4903193299908253,0.11383333333333334,0.00115213740617771,NA,NA,NA
2020-02-11,KC10,30.237,6.8797,1.091266532442205,0.2798333333333335,0.00238011429654852,20.2371426813743,36.3128177083527,1.63525061658567
2020-02-12,DFO2,29.6173,7.4611,4.035938070705583,0.22983333333333344,0.02607510658529942,17.7616932073194,33.7159351237303,1.41172904814159
2020-02-18,QU39,27.7032,6.9292,1.2815644920718796,0.04922222222222222,0.00148012957614936,26.2108223047906,51.7364734010912,2.05067132236615
2020-02-26,QU39,27.6482,6.9122,0.9882749372973194,0.03470000000000001,0.00725064168354994,25.8196640602186,53.0872201287017,1.9898287876928
2020-03-06,QU39,27.9389,6.8323,0.602404592510652,0.062,7.477998960053361e-4,25.785578797987124,52.39154855433815,2.1339153629692023
2020-03-12,QU39,28.3946,7.1752,0.43114879347319857,0.02624999999999999,7.14236971604201e-4,25.9388674955036,51.72278538690255,2.0899525236456427
2020-04-30,KC10,30.71,8.8348,2.132852237256543,0.4754,0.00607399537295096,4.62655750138188,6.52901447150124,0.509634108816224
2020-05-01,QCS01,31.5375,8.7119,0.4873087560231397,0.36240000000000006,8.265618272032641e-4,6.99947835968802,7.4542634453233,0.756152717163491
2020-05-04,DFO2,28.2729,8.4924,7.35175329928984,0.2814000000000001,NA,10.461084319236,19.7883749138315,0.916530434601235
2020-05-14,QU39,28.8159,12.6843,0.9807676846359072,0.5518000000000001,NA,-1.59158565692708e-4,21.8883851427121,0.390271299954167
2020-05-26,QU39,27.6862,13.5528,2.4219358153833355,0.1188181818181818,0.00179118872319938,3.42459204253084,20.9966695039484,0.68716277165183
2020-04-29,QU39,29.1171,10.8924,0.5779278840207098,0.20540000000000003,7.821596941748631e-4,1.31150548744882,21.4173676047336,0.605300582011717
2020-04-17,QU39,29.4565,9.8729,0.7991854498953899,0.10736363636363636,8.084543801372367e-4,15.5388129960756,30.4064428067558,1.51720314915302
2020-06-04,QU39,26.6022,14.9068,4.083517382548962,0.2347,0.00284128178774541,0.281774526266578,18.089103470924,0.336220692525061
2020-06-06,DFO2,29.0959,9.3128,12.293838404534768,0.8967999999999998,0.0773576942765827,10.925352897653,25.0009378057832,0.991746912281279
2020-06-08,QCS01,29.9437,11.255,2.0811016669073297,0.30879999999999996,0.01262145138317343,2.57315171335011,8.17854304573615,0.436721235838676
2020-06-11,QU39,26.9968,13.8196,1.7942741177483867,0.2330909090909091,0.00265564373670969,4.3113144980732,25.3879934596751,0.637879081701802
2020-06-17,QU39,25.3745,14.9963,4.186868608505847,0.2589090909090909,0.00436949530640318,0.0936571180178668,25.0617883914151,0.224463507526027
2020-06-25,QU39,24.5974,15.2597,5.892133278476081,0.20872727272727276,0.00695478630470393,3.072209615021434,31.615362673648328,0.4335859511130884
2020-03-18,QU39,28.9036,7.8238,0.6521050345546655,1.057090909090909,9.047465844449262e-4,12.7127327365877,14.9516840315825,1.1226348120637974
2020-06-30,QU39,26.947,11.639,2.7739723329614208,0.4595,0.00556707662496184,14.523859644339977,41.800234662167426,1.2206413192714212
2020-07-02,KC10,28.3868,10.6459,4.773058353162014,0.5604999999999998,0.00875810393306109,5.2696029494319205,12.394204805619028,0.39552289476369445
2020-07-06,DFO2,29.3901,9.3904,6.621315337236069,0.28949999999999987,0.08963436174375222,14.126454045940122,28.573778028534413,1.125544215967374
2020-07-05,QCS01,30.5266,10.8417,1.7637817207589706,0.4244999999999999,0.01387694720080497,6.870953865881529,15.24177574635029,0.6485476846529714
2020-07-09,QU39,20.7724,16.6248,7.495901940418321,0.05428571428571428,0.00975298623776871,0.33759514957486064,36.40645293201935,0.2400706497259688
2020-07-15,QU39,20.9561,16.9732,7.980417459330283,0.2821,0.00983315111684048,0.08319410960166439,33.90532688818561,0.17026228073517347
2020-07-22,QU39,27.0719,12.5124,2.838155512051685,NA,0.003450494654931,17.375314938348826,43.63619811533334,1.5335283446734191
2020-07-29,QU39,25.5899,16.4624,4.408029482718462,NA,0.00418247505687081,0.19451553333861685,14.931984600316419,0.10251444333685371
2020-08-07,KC10,28.6923,12.913,3.1805131776054623,0.18900000000000008,0.00403691974303283,1.8054063012330503,4.296252180366367,0.21337689909784346
2020-08-08,DFO2,27.182,10.649,11.903804304249206,0.6000000000000001,0.08255886605915662,11.51252975336517,26.226138970767582,0.905921470392236
2020-08-13,QU39,27.2846,12.2624,3.1636392399838087,0.07499999999999998,0.00464208882789908,14.453116497769987,35.10741689043162,1.2940692093232375
2020-08-06,QCS01,30.9343,16.1171,1.8970921025558027,NA,0.00204204960639396,NA,NA,NA
2020-08-19,QU39,25.7548,18.603,4.200130589609557,0.17,0.00493477053953511,0.10504784973319135,14.081021258224528,0.0995166812381425
2020-08-04,QU39,24.3021,19.1877,5.5878153169148845,0.16922222222222222,0.00562109717081731,0.049809233814229824,27.4760606933608,0.10709410797908604
2020-08-26,QU39,25.6786,14.4728,4.806018896356704,0.1693,0.00454178474811005,NA,NA,NA
2020-09-01,QU39,27.1666,12.2704,2.8479111024605572,0.3398,0.00245237705782182,9.420657367735036,31.5827611348523,0.9315562856344614
2020-09-03,KC10,29.0337,13.0576,3.2180501073397636,0.25627272727272743,0.00423993866844924,7.683871810537738,18.01154805640466,0.77578567546199
2020-09-05,DFO2,29.558,10.0609,10.027357819955,0.4932727272727273,0.05156149958548001,18.28615986227842,29.429592092090065,1.4386988988145708
2020-09-04,QCS01,31.0715,15.2354,1.2040300945936906,0.26727272727272733,0.00167252409573678,0.10201908889178304,8.149862975753814,0.2922487838902324
2020-09-07,KC10,28.096800000000002,12.1571,6.06098973168821,0.44027272727272737,0.02329742987099393,NA,NA,NA
2020-09-29,QU39,27.5338,14.0381,2.0335072748428047,0.10440000000000002,0.00181769752290306,10.183328532084959,35.63259818796835,0.9966570568071846
2020-09-22,QU39,27.1412,16.2352,2.944350954878473,NA,0.00494833326584059,1.3995541739800272,26.143598095494543,0.3758496018498384
2020-10-01,KC10,26.971800000000002,12.6735,4.838901653123685,0.29554545454545456,0.00697238759248183,6.5574259989163295,17.138238501990166,0.6298472631465941
2020-10-02,QCS01,30.6533,12.3062,2.2092817904115236,0.1935454545454547,0.00553267451207323,11.947224901661006,22.085002138340812,1.0398416472218956
2020-10-04,DFO2,29.8958,10.8132,8.098266948041669,0.27254545454545465,0.06552536812497373,15.373485685325686,30.721208442465354,1.2206582454487633
2020-10-14,QU39,27.636,12.4738,1.0819710953569484,0.04849999999999999,0.00132087758210264,13.194682163012873,33.99988883987338,1.2649346821954706
2020-10-08,QU39,27.2168,12.3573,2.9396443712440714,0.04233333333333333,0.00429802728470207,14.391113750794608,38.21193223325197,1.3135873857440563
2020-10-30,QU39,28.2795,10.3004,0.6449685670927465,0.01237499999999999,4.925622970331075e-4,21.46211112864825,43.96291211621356,1.7455079064567267
2020-11-04,KC10,28.2109,9.8445,6.442939269009798,0.4000999999999999,0.02821122787667632,17.94448874876287,31.85613012142243,1.2959966513055252
2020-11-05,QU39,28.1026,10.5057,0.8734684246766165,0.04290000000000001,9.62910027196516e-4,19.795069473491544,42.065089164033225,1.6884802432626302
2020-11-10,QU39,27.5351,9.0491,1.9697251315557196,0.14775,0.00247395844754638,24.505424154978765,49.26891632923015,2.0900117808478726
2020-11-19,QU39,28.5993,8.94,0.4952024580981061,0.0344444444444445,6.502485800405858e-4,24.74257639457086,48.065286745153614,2.1384195577457854
2020-11-27,KC10,29.5195,8.8261,2.244191253472082,0.18608333333333335,0.02873618758985524,20.677162061016965,33.08076271023859,1.5147104945685628
2020-11-30,DFO2,24.9856,8.6209,9.644049310605736,1.6510833333333337,0.01901553618228607,16.860741158204654,31.65095285155427,1.1756841833918592
2020-12-01,QU39,28.2233,8.5287,0.5534597461338535,0.14081818181818173,0.00146436431209017,25.610503223790595,44.04957601295024,1.9918141491723893
2020-12-17,QU39,27.4819,8.0022,0.7279724746691727,0.22730000000000009,0.00256407042401651,26.699894478097,47.94489798339456,2.096584606604816
2020-12-08,QU39,28.0909,8.479,0.4570010927582189,0.00639999999999973,0.00232309519159146,26.30239891864854,46.600355006620255,2.10066559734265
2018-10-03,QU39,27.7475,11.1721,1.91613315885661,0.13990000000000002,0.00140722510210264,NA,NA,NA
2020-09-10,QU39,27.0553,13.9383,3.589183217228765,0.4116999999999999,0.00397170126140921,0.01903021008275973,9.760453079873654,0.1695958397971918
2020-09-16,QU39,26.7483,16.536,3.4650588010622414,0.0779,NA,0.7693692394269135,21.60440881002253,0.38354278652569934
