date,site_id,lat,long,temp_dm,sal_dm,N2_dm,delta_rho_dm,turb_dm,flu_dm,dep_26_dm,fwc_dm,no2_dm,sio2_dm,po4_dm,secchi_depth,zeu_dm,micro_chl,nano_chl,pico_chl,micro_perc,nano_perc,pico_perc,bulk_chl,fecal,dino_het,ciliates,Chaetoceros seiracanthus,Chaetoceros similis,Cylindrotheca closterium,Paralia sulcata,Pseudo-nitzschia seriata,Rhizosolenia setigera,Thalassionema nitzschioides,Thalassiosira,Dinobryon,Myrionecta rubra,Hillea,Teleaulax,Dictyocha speculum,Dictyocha,Dinophysis acuminata,Gymnodinium,Gyrodinium,Dinophyceae,Euglenozoa,Pennales,Skeletonema marinoi,Chaetoceros,Oligotrichea,Pseudo-nitzschia,Chaetoceros debilis,Ditylum brightwellii,Pyramimonas orientalis,Tintinnina,Katodinium,Phaeocystis pouchetii,Biddulphiales,Chaetoceros tenuissimus,Chaetoceros socialis,Ciliophrys infusionum,Ceratium fusus,Ebria tripartita,Chaetoceros convolutus,Chaetoceros decipiens,Thalassiosira pacifica,Chaetoceros laciniosus,Dactyliosolen fragilissimus,Licmophora,Pyramimonas grossii,Tetraselmis gracilis,Apedinella spinifera,Chrysochromulina,Teleaulax acuta,Teleaulax amphioxeia,Protoperidinium,Protoperidinium steinii,Scrippsiella precaria,Scrippsiella trochoidea,Achnanthes,Chaetoceros ceratosporus,Chaetoceros cinctus,Chaetoceros radicans,Corethron criophilum,Stephanopyxis turris,Pterosperma,Ochromonas,Oxyphysis oxytoxoides,Chaetoceros danicus,Dactyliosolen phuketensis,Leptocylindrus danicus,Thalassiosira nordenskioeldii,Thalassiosira rotula,Gonyaulax,Asterionellopsis glacialis,Bacterosira,Chaetoceros simplex,Fragilariopsis,Guinardia delicatula,Dinophysis fortii,Pyramimonas,Eucampia zodiacus,Ceratium lineatum,Cerataulina bicornis,Thalassiosira anguste-lineata,Pleurosigma,Chrysophyceae,Katodinium glaucum,Attheya,Bacteriastrum,Chaetoceros diadema,Chaetoceros didymus,Eucampia groenlandica,Ceratium divaricatum,Ceratium horridum,Dinophysis rotundata,Eutreptiella hirudoidea,Coscinodiscus,Dinophysis acuta,Dinophysis,Pyrocystis lunula,Chaetoceros subtilis,Navicula,Prorocentrum gracile,Asteromphalus heptactis,Detonula pumila,Alexandrium catenella,Prorocentrum micans,Odontella longicruris,Dictyocha fibula,Protoperidinium conicum,Bacillariophyceae,Meringosphaera mediterranea,Membraneis challengeri,Asterionellopsis kariana,Prorocentrum,Dictyocha octonaria,Amylax triacantha,Oxytoxum,Meringosphaera,Heterosigma akashiwo,Olisthodiscus,Raphidophyceae,Cerataulina pelagica,Corythodinium,Ceratium furca,Bacteriastrum delicatulum,Chaetoceros compressus,Ceratium symmetricum,Ceratium tripos,Ceratium,Prorocentrum minimum,cyan,pela,hapt,pras2,pras3,cryp,dino,raph,diat
2018-01-10,QCS01,51.70500093,-128.2384338,7.84595,31.39995,1.033193183232442e-6,0.19934050815868432,0.035700757575757525,0.29259999999999997,116.5,1.6378578110383546,17.0435041279007,28.5645886635474,1.40240483384882,10,NA,NA,NA,NA,NA,NA,NA,NA,120,280,720,320,120,760,520,40,2280,160,320,40,200,38500,8750,320,160,40,160,120,80,40,160,600,40,520,200,0,0,0,0,0,0,0,0,0,0,0,0,0,0,0,0,0,0,0,0,0,0,0,0,0,0,0,0,0,0,0,0,0,0,0,0,0,0,0,0,0,0,0,0,0,0,0,0,0,0,0,0,0,0,0,0,0,0,0,0,0,0,0,0,0,0,0,0,0,0,0,0,0,0,0,0,0,0,0,0,0,0,0,0,0,0,0,0,0,0,0,0,0,0,0,0,0,0,0,0,0,NA,NA,NA,NA,NA,NA,NA,NA,NA
2018-01-11,KC10,51.651254955,-127.95130855,7.018800000000001,30.486400000000003,8.080391897606829e-5,0.5835064989357193,0.057200757575757544,0.44475,136,2.3063221078889935,19.9858376869888,33.8440848738674,1.4472441089258,12,NA,NA,NA,NA,NA,NA,NA,NA,0,400,1640,0,0,520,0,0,0,40,80,40,800,61250,33250,240,0,0,200,160,0,0,360,360,80,800,40,80,40,7000,40,40,68250,1750,120,0,0,0,0,0,0,0,0,0,0,0,0,0,0,0,0,0,0,0,0,0,0,0,0,0,0,0,0,0,0,0,0,0,0,0,0,0,0,0,0,0,0,0,0,0,0,0,0,0,0,0,0,0,0,0,0,0,0,0,0,0,0,0,0,0,0,0,0,0,0,0,0,0,0,0,0,0,0,0,0,0,0,0,0,0,0,0,0,0,0,0,0,0,NA,NA,NA,NA,NA,NA,NA,NA,NA
2018-01-12,DFO2,51.520464855,-127.55899984999999,7.5696,30.22835,2.057894796045908e-4,0.9207338246052927,0.21770075757575755,0.20884999999999998,129,2.0481509198628007,19.5203986552853,32.9963047588137,1.517,9,NA,NA,NA,NA,NA,NA,NA,NA,0,200,160,0,0,600,0,0,0,80,120,1750,40,7000,1750,0,0,0,40,120,40,0,640,280,3500,120,120,0,0,0,0,40,0,0,0,240,40,40,40,0,0,0,0,0,0,0,0,0,0,0,0,0,0,0,0,0,0,0,0,0,0,0,0,0,0,0,0,0,0,0,0,0,0,0,0,0,0,0,0,0,0,0,0,0,0,0,0,0,0,0,0,0,0,0,0,0,0,0,0,0,0,0,0,0,0,0,0,0,0,0,0,0,0,0,0,0,0,0,0,0,0,0,0,0,0,0,0,0,NA,NA,NA,NA,NA,NA,NA,NA,NA
2018-02-19,KC10,51.64999598,-127.9495424,6.4089,30.2912,1.3602580710027507e-5,0.5070365130004575,0.3150454545454545,0.3418,131,2.3883411287807923,20.35799086523,36.3481591027315,1.65845155007239,15,NA,NA,NA,NA,NA,NA,NA,NA,80,40,280,0,0,640,0,0,0,0,280,0,40,7000,80,0,0,0,40,0,0,0,10900,1560,80,200,80,80,0,1750,40,0,1750,1750,1790,0,0,0,40,80,280,80,0,0,0,0,0,0,0,0,0,0,0,0,0,0,0,0,0,0,0,0,0,0,0,0,0,0,0,0,0,0,0,0,0,0,0,0,0,0,0,0,0,0,0,0,0,0,0,0,0,0,0,0,0,0,0,0,0,0,0,0,0,0,0,0,0,0,0,0,0,0,0,0,0,0,0,0,0,0,0,0,0,0,0,0,0,0,NA,NA,NA,NA,NA,NA,NA,NA,NA
2018-02-20,DFO2,51.520638745,-127.559567,6.7418,29.31445,9.466085925639406e-4,1.702473778044748,0.19054545454545452,0.35240000000000005,117,1.6446055503585912,18.6938323353423,33.423152739995,1.464,14,NA,NA,NA,NA,NA,NA,NA,NA,NA,NA,NA,NA,NA,NA,NA,NA,NA,NA,NA,NA,NA,NA,NA,NA,NA,NA,NA,NA,NA,NA,NA,NA,NA,NA,NA,NA,NA,NA,NA,NA,NA,NA,NA,NA,NA,NA,NA,NA,NA,NA,NA,NA,NA,NA,NA,NA,NA,NA,NA,NA,NA,NA,NA,NA,NA,NA,NA,NA,NA,NA,NA,NA,NA,NA,NA,NA,NA,NA,NA,NA,NA,NA,NA,NA,NA,NA,NA,NA,NA,NA,NA,NA,NA,NA,NA,NA,NA,NA,NA,NA,NA,NA,NA,NA,NA,NA,NA,NA,NA,NA,NA,NA,NA,NA,NA,NA,NA,NA,NA,NA,NA,NA,NA,NA,NA,NA,NA,NA,NA,NA,NA,NA,NA,NA,NA,NA,NA,NA,NA,NA,NA,NA,NA,NA,NA
2018-02-21,QCS01,51.705772960000004,-128.23887865,6.5036,30.345,1.2995325017398554e-4,0.7074765217284948,0.09354545454545449,0.5683,99,1.805333645151232,18.1442010501826,32.9342756235842,1.45462781510136,12.5,NA,NA,NA,NA,NA,NA,NA,NA,NA,NA,NA,NA,NA,NA,NA,NA,NA,NA,NA,NA,NA,NA,NA,NA,NA,NA,NA,NA,NA,NA,NA,NA,NA,NA,NA,NA,NA,NA,NA,NA,NA,NA,NA,NA,NA,NA,NA,NA,NA,NA,NA,NA,NA,NA,NA,NA,NA,NA,NA,NA,NA,NA,NA,NA,NA,NA,NA,NA,NA,NA,NA,NA,NA,NA,NA,NA,NA,NA,NA,NA,NA,NA,NA,NA,NA,NA,NA,NA,NA,NA,NA,NA,NA,NA,NA,NA,NA,NA,NA,NA,NA,NA,NA,NA,NA,NA,NA,NA,NA,NA,NA,NA,NA,NA,NA,NA,NA,NA,NA,NA,NA,NA,NA,NA,NA,NA,NA,NA,NA,NA,NA,NA,NA,NA,NA,NA,NA,NA,NA,NA,NA,NA,NA,NA,NA
2018-03-24,QCS01,51.70592234,-128.23901535,7.5245999999999995,31.18325,6.37285972300712e-5,0.43980217103080577,0.19927499999999998,0.7387,108,1.0596460866853765,16.7817414181034,32.8640441356687,1.41074740105035,12.5,NA,NA,NA,NA,NA,NA,NA,NA,222,2590,13550,0,0,2368,0,0,0,370,1118,0,2442,42779,46668,74,296,0,2368,74,1406,962,814,9472,740,11108,148,592,0,27223,0,148,0,0,31112,0,0,0,2886,0,0,0,518,296,74,7778,7778,3889,7778,3889,3889,74,74,4144,1036,0,0,0,0,0,0,0,0,0,0,0,0,0,0,0,0,0,0,0,0,0,0,0,0,0,0,0,0,0,0,0,0,0,0,0,0,0,0,0,0,0,0,0,0,0,0,0,0,0,0,0,0,0,0,0,0,0,0,0,0,0,0,0,0,0,0,0,0,0,0,0,0,0,NA,NA,NA,NA,NA,NA,NA,NA,NA
2018-03-27,KC10,51.650665599999996,-127.9499069,7.00165,31.06345,5.54021917812439e-5,1.0258062320167483,0.07327500000000003,0.99285,117,1.5712316806984727,18.7438530491392,34.6824441996889,1.54722887343558,9,NA,NA,NA,NA,NA,NA,NA,NA,216,756,2052,486,0,1404,648,270,0,0,3888,0,810,54446,19445,0,54,0,324,270,378,0,810,141800,108,1242,3024,90576,0,0,0,162,50557,3997,11721,7622,0,0,756,216,0,3132,216,540,54,0,0,0,0,0,0,0,0,216,0,54,162,594,486,216,108,3889,7778,54,0,0,0,0,0,0,0,0,0,0,0,0,0,0,0,0,0,0,0,0,0,0,0,0,0,0,0,0,0,0,0,0,0,0,0,0,0,0,0,0,0,0,0,0,0,0,0,0,0,0,0,0,0,0,0,0,0,0,0,0,0,0,0,0,NA,NA,NA,NA,NA,NA,NA,NA,NA
2018-03-31,DFO2,51.52022009,-127.5582347,7.57125,27.97505,0.009547092996533826,7.0331304244020885,1.0982750000000001,8.88205,115,2.0511677580293117,10.5513680564737,19.0974482198667,0.905,3,NA,NA,NA,NA,NA,NA,NA,NA,720,6048,4464,0,0,2016,0,144,288,1152,13968,0,0,63000,42000,144,144,144,1728,4032,576,0,1008,409312,864,4176,139400,13968,0,7000,288,288,7776,0,7000,32344,0,0,576,0,0,20448,0,0,0,0,0,0,0,7000,0,0,0,144,0,0,144,2160,2880,288,0,7000,0,0,144,432,144,2448,1584,144,0,0,0,0,0,0,0,0,0,0,0,0,0,0,0,0,0,0,0,0,0,0,0,0,0,0,0,0,0,0,0,0,0,0,0,0,0,0,0,0,0,0,0,0,0,0,0,0,0,0,0,0,0,0,0,0,0,0,NA,NA,NA,NA,NA,NA,NA,NA,NA
2018-04-22,QCS01,51.70550659,-128.2385427,8.6587,31.5551,3.686250531289265e-5,0.34243013357991003,NA,0.7707,125,0.6320018709073911,6.70268838773812,12.1081896588063,0.754075737467918,12,NA,NA,NA,NA,NA,NA,NA,NA,222,814,2072,0,0,1036,0,1036,1332,370,4884,7500,74,65000,35000,444,148,0,148,444,888,148,6110,23671,962,1702,1406,1406,0,5000,296,222,0,296,7500,10000,0,0,740,0,0,0,148,10146,0,0,0,0,0,0,0,0,0,666,0,0,74,1258,0,296,0,0,0,0,0,666,222,0,0,0,148,1184,74,592,444,74,0,0,0,0,0,0,0,0,0,0,0,0,0,0,0,0,0,0,0,0,0,0,0,0,0,0,0,0,0,0,0,0,0,0,0,0,0,0,0,0,0,0,0,0,0,0,0,0,0,0,0,0,NA,NA,NA,NA,NA,NA,NA,NA,NA
2018-04-25,DFO2,51.51961692,-127.5587605,8.713,28.4433,0.008192975293855874,6.155967789149031,NA,9.1952,120,2.4435703149360783,3.96029187980396,17.4582985688276,0.425947258360566,6,15,NA,NA,NA,NA,NA,NA,NA,0,720,4608,0,576,2448,0,144,144,0,104144,43750,576,525000,376250,720,0,0,288,144,0,144,1872,181544,432,4032,34888,9648,0,96250,0,288,0,0,26250,2736,43750,0,576,0,0,15120,432,0,0,78750,0,0,0,78750,0,144,0,144,0,0,8750,0,0,0,0,17500,0,0,0,0,0,0,0,0,144,0,17500,0,0,0,0,0,0,0,0,0,0,0,0,0,0,0,0,0,0,0,0,0,0,0,0,0,0,0,0,0,0,0,0,0,0,0,0,0,0,0,0,0,0,0,0,0,0,0,0,0,0,0,0,0,0,0,NA,NA,NA,NA,NA,NA,NA,NA,NA
2018-04-28,KC10,51.65064048,-127.9513197,9.17985,30.178449999999998,4.8745280718064034e-4,1.4397211207409555,NA,7.783849999999999,115.5,1.597751792952916,7.56807559154635,16.6427694830057,0.750911414990346,4,22,NA,NA,NA,NA,NA,NA,NA,492,123,1066,0,0,41,0,123,0,82,9208,8750,123,420000,78750,205,0,0,0,41,82,820,26619,17149,287,902,943,656,0,43750,41,82,0,17664,0,0,0,0,2870,0,0,2009,0,0,0,35000,8750,0,0,17500,8750,0,0,0,0,0,0,0,0,0,0,0,0,0,0,0,0,0,0,0,0,0,0,0,0,0,17500,0,0,0,0,0,0,0,0,0,0,0,0,0,0,0,0,0,0,0,0,0,0,0,0,0,0,0,0,0,0,0,0,0,0,0,0,0,0,0,0,0,0,0,0,0,0,0,0,0,0,0,NA,NA,NA,NA,NA,NA,NA,NA,NA
2018-05-22,QCS01,51.70408219,-128.2408449,12.2423,30.9559,3.253783019053717e-5,1.301402251065042,0.5287692307692308,1.3721,102,0.7973682569379491,NA,NA,NA,7,30,NA,NA,NA,NA,NA,NA,NA,NA,NA,NA,NA,NA,NA,NA,NA,NA,NA,NA,NA,NA,NA,NA,NA,NA,NA,NA,NA,NA,NA,NA,NA,NA,NA,NA,NA,NA,NA,NA,NA,NA,NA,NA,NA,NA,NA,NA,NA,NA,NA,NA,NA,NA,NA,NA,NA,NA,NA,NA,NA,NA,NA,NA,NA,NA,NA,NA,NA,NA,NA,NA,NA,NA,NA,NA,NA,NA,NA,NA,NA,NA,NA,NA,NA,NA,NA,NA,NA,NA,NA,NA,NA,NA,NA,NA,NA,NA,NA,NA,NA,NA,NA,NA,NA,NA,NA,NA,NA,NA,NA,NA,NA,NA,NA,NA,NA,NA,NA,NA,NA,NA,NA,NA,NA,NA,NA,NA,NA,NA,NA,NA,NA,NA,NA,NA,NA,NA,NA,NA,NA,NA,NA,NA,NA,NA
2018-05-23,KC10,51.649726515,-127.95184065000001,11.2134,29.45365,0.005517089513099803,8.18181493494302,0.9077692307692304,7.3317499999999995,102,1.534295291549736,0.0656768525065621,2.13330006673911,0.0431001120783333,3.5,15,4.29710142284257,0.994270689168821,0.743591210104591,0.7120343891892815,0.1647517368540045,0.12321387395671406,8.29996747563963,200,2000,4400,0,2800,0,0,7000,200,1600,31000,11666,200,93328,116660,800,400,0,800,1200,800,2800,2200,1156000,4000,2600,24200,21200,0,0,1600,0,0,23333,200,0,23332,0,200,0,0,0,400,16400,0,40831,0,17499,0,5833,5833,400,600,1000,400,0,0,0,1200,0,0,0,0,0,0,200,1800,0,400,0,0,0,0,0,800,0,0,400,0,0,0,0,0,0,0,0,0,0,0,0,0,0,0,0,0,0,0,0,0,0,0,0,0,0,0,0,0,0,0,0,0,0,0,0,0,0,0,0,0,0,0,0,0,0,0,0,0,0,NA,NA,NA,NA,NA,NA,NA,NA,NA
2018-05-29,QCS01,51.705061400000005,-128.2380079,11.1817,31.1393,2.864249451747207e-5,0.7020003951110994,0.7082692307692308,1.5851000000000002,89.5,0.7337433738696608,1.33228695874117,4.41584218476902,0.300077059989726,7.5,31.5,0.61155741488719,0.77615366182977,0.503444895656274,0.3233775657962994,0.4104122944739273,0.26621013972977337,1.89160606895012,534,712,16501,0,0,623,0,534,0,89,1157,0,623,198339,50557,356,89,267,267,445,0,89,712,43374,0,15700,2403,1157,0,50557,178,0,0,0,0,11433,0,0,1691,356,0,0,0,979,0,19445,0,0,0,7778,0,534,0,89,178,0,0,356,2136,0,0,3889,0,0,0,8099,1513,0,178,0,0,623,0,0,267,89,0,0,1157,0,0,0,0,0,0,0,0,0,0,0,0,0,0,0,0,0,0,0,0,0,0,0,0,0,0,0,0,0,0,0,0,0,0,0,0,0,0,0,0,0,0,0,0,0,0,0,0,0,NA,NA,NA,NA,NA,NA,NA,NA,NA
2018-05-30,DFO2,51.51998229,-127.5588041,9.2187,27.872700000000002,0.005584864954199241,12.12601787668848,0.7467692307692307,6.0671,88.5,1.693489242282507,8.13298786714879,19.0958813932622,0.672111972005526,3.5,27.5,3.22632053553038,0.318757717214444,0.352629746417101,0.8277481371678164,0.08178080997421626,0.09047105285796743,8.46044047605122,1008,432,7776,576,0,2448,0,10080,0,3168,10800,0,2016,78068,34996,720,144,144,288,144,432,0,864,347310,1584,5472,21168,3312,0,5384,288,0,0,0,5529,0,2692,0,432,0,0,5184,288,5328,0,0,0,0,0,2692,10768,144,144,720,3888,0,0,4608,576,0,0,0,0,0,0,144,1584,0,576,0,0,0,0,0,0,0,0,0,0,576,432,0,0,0,0,0,0,0,0,0,0,0,0,0,0,0,0,0,0,0,0,0,0,0,0,0,0,0,0,0,0,0,0,0,0,0,0,0,0,0,0,0,0,0,0,0,0,0,NA,NA,NA,NA,NA,NA,NA,NA,NA
2018-06-19,DFO2,51.52085689,-127.5595473,9.4239,29.4013,7.574434922214263e-4,6.9615125153886765,0.4305,2.5368,88,1.7356657312129724,10.8066666958892,16.5034524824275,0.90485478773015,3.5,23,0.788870021022774,1.04070584116707,1.84274175251178,0.21481530297505866,0.2833921110202303,0.5017925860047111,3.41107217503975,702,594,5454,108,0,1458,0,486,0,2268,6642,14000,1620,532000,161000,378,54,972,54,432,432,0,8188,22436,0,3024,594,0,0,14000,810,54,0,0,0,0,0,0,5940,0,0,0,0,0,0,0,14000,0,0,7000,0,54,0,0,54,0,54,540,0,162,0,0,0,0,0,0,918,0,0,0,0,0,0,0,0,108,0,0,0,0,0,54,7000,54,0,0,0,0,0,0,0,0,0,0,0,0,0,0,0,0,0,0,0,0,0,0,0,0,0,0,0,0,0,0,0,0,0,0,0,0,0,0,0,0,0,0,0,0,NA,NA,NA,NA,NA,NA,NA,NA,NA
2018-06-24,QCS01,51.70514335,-128.2380316,13.4887,30.5897,0.0013432007453280624,1.517759093787845,0.6435,3.8329,84,0.9827533520424078,NA,NA,NA,6,19,NA,NA,NA,NA,NA,NA,NA,NA,NA,NA,NA,NA,NA,NA,NA,NA,NA,NA,NA,NA,NA,NA,NA,NA,NA,NA,NA,NA,NA,NA,NA,NA,NA,NA,NA,NA,NA,NA,NA,NA,NA,NA,NA,NA,NA,NA,NA,NA,NA,NA,NA,NA,NA,NA,NA,NA,NA,NA,NA,NA,NA,NA,NA,NA,NA,NA,NA,NA,NA,NA,NA,NA,NA,NA,NA,NA,NA,NA,NA,NA,NA,NA,NA,NA,NA,NA,NA,NA,NA,NA,NA,NA,NA,NA,NA,NA,NA,NA,NA,NA,NA,NA,NA,NA,NA,NA,NA,NA,NA,NA,NA,NA,NA,NA,NA,NA,NA,NA,NA,NA,NA,NA,NA,NA,NA,NA,NA,NA,NA,NA,NA,NA,NA,NA,NA,NA,NA,NA,NA,NA,NA,NA,NA,NA
2018-06-27,KC10,51.65060656,-127.9514919,12.4381,29.0245,0.003918259489861131,3.358040261826659,0.5695000000000001,3.9931,86,1.527106329903337,0.0941194479325657,0.427614265700039,0.0339856818662154,5,15,1.85259694502256,0.237101377178792,0.185247537371096,0.8143477073211474,0.10422286586782892,0.08142942681102368,3.45977138067351,576,1152,2880,1872,3456,288,0,1152,720,3888,7920,0,576,29612,16152,1008,144,288,864,0,1008,0,5672,447000,1584,1152,432,22000,0,2692,1152,144,2448,432,2692,21744,0,0,576,0,0,0,1728,576,0,0,0,2692,0,2692,0,288,576,288,0,0,288,3024,0,0,0,0,0,0,432,1872,10368,0,1440,0,0,0,0,0,144,144,0,0,432,0,0,576,0,144,5385,3744,1008,432,288,144,144,144,144,0,0,0,0,0,0,0,0,0,0,0,0,0,0,0,0,0,0,0,0,0,0,0,0,0,0,0,0,0,0,0,0,0,0,0,NA,NA,NA,NA,NA,NA,NA,NA,NA
2018-07-14,QCS01,51.70603501,-128.2415538,10.2671,31.0938,1.5692882653083344e-4,1.6660004157620278,0.6938249999999999,8.1825,71,0.46628936700966694,8.46413780855588,14.8760545378909,0.710899792298113,4.5,15,NA,0.184787262730912,0.0663830251633924,NA,0.7357051038165502,0.26429489618344987,9.30713942548468,144,720,1296,0,2304,1728,0,4032,720,1152,18288,5250,288,26250,14000,288,0,0,432,288,144,144,2182,365304,4320,1008,7920,16848,0,1750,0,0,0,0,144,32200,0,144,288,0,0,0,1152,432,0,0,0,0,0,0,0,288,432,0,144,0,144,14112,3744,144,0,0,0,0,0,576,21400,864,1728,0,2160,0,0,0,0,0,0,0,0,0,0,288,0,0,1750,0,1728,0,0,0,576,0,0,0,0,0,0,0,0,0,0,0,0,0,0,0,0,0,0,0,0,0,0,0,0,0,0,0,0,0,0,0,0,0,0,0,0,0,NA,NA,NA,NA,NA,NA,NA,NA,NA
2018-07-15,KC10,51.650320025,-127.95146455,10.634699999999999,30.2745,0.001066274565777302,3.515719017280162,1.344325,9.4404,78.5,0.832341752416589,0.0712811523881344,0,0,5,10,1.10478127320198,0.191898336287372,0.195760911308378,0.7402514591412053,0.12858022387706258,0.1311683169817321,4.96267608143591,144,720,864,4752,1872,1584,0,8352,1728,6768,9504,0,288,3000,0,144,0,0,0,288,144,0,22152,614000,8352,576,5328,16416,0,0,0,432,12000,144,3144,21000,0,0,0,0,0,0,2304,1008,0,9000,0,0,0,3000,0,432,0,144,0,0,144,18000,2448,0,0,0,0,0,144,1296,17424,0,0,0,6768,0,0,0,0,0,0,0,432,0,0,432,0,0,6000,0,0,0,0,0,0,0,0,144,144,144,144,0,0,0,0,0,0,0,0,0,0,0,0,0,0,0,0,0,0,0,0,0,0,0,0,0,0,0,0,0,0,0,NA,NA,NA,NA,NA,NA,NA,NA,NA
2018-07-24,DFO2,51.52060461,-127.5587707,10.26935,29.3778,0.005547494561637333,12.674881293451733,0.48382499999999995,2.731,67.5,1.1195728094792643,11.0956271085232,21.2418502551465,0.928460594105564,3,31.5,1.21899214869135,0.547353060717201,0.775293050033258,0.47960882873987865,0.2153544308218786,0.30503674043824264,2.38914146796688,623,2403,11303,0,0,890,0,1068,623,11100,9256,0,3560,76368,120916,445,178,0,801,1513,356,0,1157,225764,356,6052,267,1246,0,44548,1691,89,0,0,3182,0,0,0,1335,0,0,0,0,89,0,9546,9546,0,0,22274,3182,89,0,0,712,0,89,0,0,0,0,0,0,0,0,0,4183,0,0,89,0,0,0,0,1246,89,0,0,0,0,0,89,0,0,0,0,0,0,0,0,178,0,0,0,0,0,0,0,0,0,0,0,0,0,0,0,0,0,0,0,0,0,0,0,0,0,0,0,0,0,0,0,0,0,0,0,0,0,NA,NA,NA,NA,NA,NA,NA,NA,NA
2018-08-19,KC10,51.65064,-127.9513,14.3392,28.6314,8.130120127742759e-4,4.799679812465342,0.8490833333333333,5.7663,81,0.8958715310258808,0.154255043806208,7.5578559428211,0.117538116224042,5,19,1.80844563733844,1.33586289138887,1.15398712020871,0.4207355158982827,0.3107889732339708,0.2684755108677465,5.82230230215179,62,806,9380,372,0,1612,0,2046,51004,310,2170,26250,186,612500,367500,186,310,62,186,248,372,496,1488,1922,930,9194,62,4402,0,8750,0,372,43750,79370,0,78750,8750,0,124,0,186,0,744,620,0,35000,0,17500,0,0,0,310,62,248,248,0,0,372,0,0,0,35000,0,0,186,62,868,0,124,62,0,0,0,0,248,0,8750,930,0,0,0,0,0,0,0,0,0,0,0,0,0,0,0,0,0,0,0,124,186,62,0,0,0,0,0,0,0,0,0,0,0,0,0,0,0,0,0,0,0,0,0,0,0,0,0,0,0,0,NA,NA,NA,NA,NA,NA,NA,NA,NA
2018-08-21,DFO2,51.520408445,-127.55876415,9.95275,30.3434,0.001266289808215174,NA,0.6730833333333333,5.683199999999999,76,0.7763299033364518,4.75908716242219,0.980806657131278,0.48318109039381,2,12,4.32659575393183,0.62634218272122,0.354515515366751,0.815192406875524,0.11801180893689414,0.06679578418758186,5.17713466046785,814,740,3774,0,0,666,0,4144,740,10064,2442,0,1480,55423,43755,148,592,222,148,518,444,0,12334,337330,1110,2072,3330,20800,0,5834,222,74,0,0,20419,1776,0,0,814,0,0,0,814,148,0,5834,2917,11668,0,5834,0,148,148,74,148,0,2917,7696,0,222,74,2917,0,0,74,74,1628,0,0,0,0,0,148,0,444,0,0,740,0,0,222,0,0,0,0,0,0,0,0,0,296,0,0,0,0,0,0,5834,0,0,0,0,0,0,0,0,0,0,0,0,0,0,0,0,0,0,0,0,0,0,0,0,0,0,0,0,0,0,NA,NA,NA,NA,NA,NA,NA,NA,NA
2018-08-28,QCS01,51.70486444,-128.2394292,11.5636,31.2593,5.618529381423172e-4,1.4711242143494019,0.5090833333333332,6.2369,70,0.2853009042719055,8.24905985429175,14.6995936233067,0.683727356588254,6,23,5.75457464173735,0.638356820994729,0.35315448212483,0.8530242111908656,0.09462625086794224,0.052349537941192174,8.43762408538036,148,2016,5184,0,1872,3600,0,17424,245000,3456,5616,7000,144,108500,70000,864,720,144,864,288,2880,1584,3744,19440,2736,4176,1728,288,144,17500,864,864,0,0,3644,7000,0,0,2304,0,288,0,10368,864,0,0,0,0,0,0,0,1152,288,432,0,0,144,3168,0,144,288,0,0,0,144,2736,4176,0,288,1008,432,0,0,0,2736,144,0,864,432,0,0,0,0,0,0,0,0,1440,144,0,144,0,0,0,0,0,0,0,0,432,144,432,144,864,0,0,0,0,0,0,0,0,0,0,0,0,0,0,0,0,0,0,0,0,0,0,0,0,NA,NA,NA,NA,NA,NA,NA,NA,NA
2018-09-11,KC10,51.650673245,-127.95144555,12.217400000000001,30.75235,0.002941577164534236,1.5664757580206015,0.1237545454545454,0.879,76.5,0.7003274087932649,7.93973029415717,17.1891322318361,0.820044971084654,14,26.5,0.363402095520482,0.30831106613655,0.146440278365578,0.4441735226468512,0.37683770678520856,0.17898877056794021,0.889058917977396,336,1776,2544,0,0,768,0,192,240,624,2112,8750,288,170625,74375,1056,336,48,816,768,144,1056,14133,14028,432,1968,816,48,0,26250,288,144,140000,4711,4375,0,0,48,1008,0,384,0,0,96,0,0,0,4375,0,0,0,576,48,0,144,0,0,1440,0,0,0,21875,0,0,0,336,576,0,96,48,0,0,0,0,0,0,0,96,144,0,0,0,0,48,0,0,0,0,0,0,48,0,0,0,0,0,0,48,0,0,0,96,48,0,96,96,0,0,0,0,0,0,0,0,0,0,0,0,0,0,0,0,0,0,0,0,0,0,NA,NA,NA,NA,NA,NA,NA,NA,NA
2018-09-13,QCS01,51.705532145,-128.2403756,12.6966,31.1934,1.0350043311820422e-4,2.035465726547727,0.14975454545454542,2.1957999999999998,75,0.41472248207047124,7.89409613172151,16.1462262292624,0.75948634503126,12,27.5,0.702956423289398,0.664911388135193,0.510704682026455,0.3741971234754037,0.35394502498741076,0.2718578515371856,2.84839264734197,432,2886,2960,0,0,1702,0,666,7030,888,2960,15556,814,221673,54446,1480,2664,0,1998,814,296,444,888,14236,148,1776,2886,1110,222,19445,370,74,814,74,15556,0,0,0,1998,222,0,0,148,592,0,0,0,3889,0,3889,0,148,222,370,0,0,0,0,0,0,0,0,0,0,0,0,518,0,444,0,0,0,0,0,370,0,0,222,222,0,0,0,0,0,0,0,0,0,0,0,0,0,0,0,0,74,0,0,0,222,0,0,0,74,0,74,0,0,0,0,0,0,0,0,0,0,0,0,0,0,0,0,0,0,0,0,0,0,NA,NA,NA,NA,NA,NA,NA,NA,NA
2018-09-14,DFO2,51.65461362,-128.130495,10.5093,29.720599999999997,0.005213225279049298,9.956271620340374,0.4257545454545454,1.0032,89,1.1652104770813847,11.9937298480913,22.3548831373701,1.06124244587019,3.5,24,1.59535770416376,0.527755765287829,0.314774136329802,0.6544016633008052,0.2164807614741012,0.12911757522509357,2.25085721098953,814,2072,3552,0,0,1628,0,1628,962,2738,1406,3000,370,201000,39000,2516,0,148,1184,518,148,0,4628,83102,1258,3182,740,3256,0,12000,0,370,0,0,7000,1036,0,74,740,296,148,0,962,666,0,3000,0,0,0,3000,0,0,296,1554,296,0,7000,1480,0,0,0,0,0,0,222,222,148,0,296,0,370,0,148,0,370,0,0,0,0,74,0,0,0,0,0,296,0,0,0,0,74,0,0,0,74,0,0,0,0,0,0,592,74,0,0,0,74,0,0,0,0,0,0,0,0,0,0,0,0,0,0,0,0,0,0,0,0,0,NA,NA,NA,NA,NA,NA,NA,NA,NA
2018-10-23,KC10,51.65064,-127.9513,9.84,30.6436,0.0010738036146152403,1.1060750832972417,0.16472727272727272,1.8544,89,0.6896850639226698,11.9474886522859,27.5389605857878,1.1017641916136,11.5,29,0.468171120958511,0.525572005262778,0.827755311846898,0.25702526621710187,0.28853826842705393,0.4544364653558442,1.9279010426653,222,1998,4588,0,0,2664,0,444,296,0,444,5833,74,186656,52497,296,148,0,1480,444,74,888,962,5328,5476,4366,888,16848,74,11666,148,74,0,11666,1628,0,11666,0,0,0,0,0,0,1628,0,11666,0,11666,0,0,0,0,74,74,0,0,148,0,0,0,0,11666,0,0,222,370,1702,0,0,0,0,0,0,0,296,0,0,0,0,0,0,0,0,0,5833,0,0,0,0,0,0,0,0,74,0,0,0,0,0,0,0,0,0,0,0,74,0,148,0,0,0,0,0,0,0,0,0,0,0,0,0,0,0,0,0,0,0,0,NA,NA,NA,NA,NA,NA,NA,NA,NA
2018-11-21,KC10,51.650475,-127.9503917,8.638549999999999,28.5712,0.0016827434653224624,2.3478057089047297,0.14888636363636365,0.631,116,2.4427782974742756,18.8529845404029,35.3313832924327,1.51952036059773,5.5,20,0.14711542323091,0.331644276243684,0.279031605272441,0.1941371223308242,0.43764592463144336,0.36821695303773244,0.696255299504601,160,440,5720,0,0,200,0,0,0,280,0,0,3200,82360,53534,200,0,0,160,200,80,40,2259,440,0,2520,80,360,0,10295,0,40,2059,2139,2059,0,0,0,40,0,0,0,0,0,0,0,0,0,0,2059,0,0,0,40,0,0,40,0,0,0,0,12354,0,0,40,0,0,0,0,0,0,0,0,0,0,0,0,0,120,0,0,0,0,40,0,0,0,0,0,0,0,0,0,0,0,40,0,0,0,0,0,0,0,400,0,0,0,0,0,0,0,0,0,0,0,0,0,0,0,0,0,0,0,0,0,0,0,0,NA,NA,NA,NA,NA,NA,NA,NA,NA
2019-01-21,KC10,51.65152423,-127.9533107,7.2209,29.3569,6.981711892668111e-4,1.2522409064210933,0.03429999999999988,0.4777,150,3.6066323666978493,19.3864067859472,33.3169108124235,1.56282671836503,12,26,0.0465736867486774,0.131943888991615,0.118401410327715,0.15685654651269085,0.44437673299003555,0.39876672049727374,0.273485691671792,40,120,640,0,0,120,0,0,0,40,40,0,200,47250,22750,40,40,0,120,0,0,0,2110,480,0,360,0,0,0,3500,80,0,0,5330,0,0,0,0,80,0,0,0,0,0,0,0,0,0,0,0,0,0,0,1750,0,0,0,0,0,0,0,0,0,0,0,0,0,0,0,0,0,0,0,0,0,0,0,0,40,0,0,0,0,0,0,0,0,0,0,0,40,0,0,0,0,0,0,0,0,0,0,0,0,0,0,0,0,0,0,0,0,0,0,0,0,0,0,0,0,0,0,0,0,0,0,0,0,0,NA,NA,NA,NA,NA,NA,NA,NA,NA
2019-01-24,DFO2,51.51986466,-127.5582991,7.7525,28.3264,0.0018107943227676701,3.186452827657149,0.2142999999999999,0.4596,142,3.5236700966635506,17.5115327818507,32.1099395705185,1.39504574058038,11,21,0.12224476011805,0.160746677224674,0.0864360716492615,0.33090324121126025,0.43512373418884004,0.23397302459989971,0.351069110044977,40,40,160,0,0,640,0,40,0,320,480,0,0,12250,1750,40,0,0,0,40,0,0,840,90304,80,160,120,0,0,0,0,0,0,0,40,0,0,0,0,0,0,0,0,0,0,0,0,0,0,0,0,0,0,0,0,0,40,440,0,0,0,0,0,0,0,0,0,80,0,0,0,0,0,0,0,0,0,0,0,0,0,0,0,0,0,0,0,0,0,0,0,0,0,0,0,0,0,0,0,0,0,0,0,0,0,0,0,0,0,0,0,0,0,0,0,0,0,0,0,0,0,0,0,0,0,0,0,0,NA,NA,NA,NA,NA,NA,NA,NA,NA
2019-02-14,KC10,51.64983701,-127.9538278,6.8506,30.9931,2.061754922038963e-5,0.16430206542554515,0.38775,0.386,145,1.9824883068288128,18.9327443549482,32.686114526976,1.51319191562509,17.5,29,0.0755003080851766,0.12225719997319,0.157100668772698,0.21276192297273633,0.34452411683158796,0.44271396019567577,0.30644112972980603,0,40,240,0,0,120,0,40,0,0,160,0,0,8750,0,40,0,0,0,40,0,0,40,2120,40,240,40,240,0,0,0,0,0,40,0,0,0,0,0,0,0,0,0,0,0,0,0,0,0,0,0,0,0,0,0,0,0,0,0,0,0,0,0,0,0,0,0,0,0,0,0,0,40,0,0,0,0,0,0,0,0,0,0,0,0,0,0,0,0,0,0,0,0,0,0,0,0,0,0,0,0,0,0,0,0,0,0,0,0,0,0,0,0,0,0,0,0,0,0,0,0,0,0,0,0,0,0,0,NA,NA,NA,NA,NA,NA,NA,NA,NA
2019-02-15,KC10,51.65060464,-127.9518077,6.8146,31.026,-9.573302326873217e-6,0.15059981961394442,0,0.7156,136,2.2196195821640177,NA,NA,NA,20,36,NA,NA,NA,NA,NA,NA,NA,NA,NA,NA,NA,NA,NA,NA,NA,NA,NA,NA,NA,NA,NA,NA,NA,NA,NA,NA,NA,NA,NA,NA,NA,NA,NA,NA,NA,NA,NA,NA,NA,NA,NA,NA,NA,NA,NA,NA,NA,NA,NA,NA,NA,NA,NA,NA,NA,NA,NA,NA,NA,NA,NA,NA,NA,NA,NA,NA,NA,NA,NA,NA,NA,NA,NA,NA,NA,NA,NA,NA,NA,NA,NA,NA,NA,NA,NA,NA,NA,NA,NA,NA,NA,NA,NA,NA,NA,NA,NA,NA,NA,NA,NA,NA,NA,NA,NA,NA,NA,NA,NA,NA,NA,NA,NA,NA,NA,NA,NA,NA,NA,NA,NA,NA,NA,NA,NA,NA,NA,NA,NA,NA,NA,NA,NA,NA,NA,NA,NA,NA,NA,NA,NA,NA,NA,NA
2019-02-19,DFO2,51.52081712,-127.5583231,7.5464,30.7881,2.900585979410737e-4,0.6358577294229235,0.23875,0.949,136,1.3229030246336144,18.9239977597344,31.2268036307097,1.5846751888703,NA,36,0.14195797237941,0.150771609746183,0.284864200989273,0.2457747581939933,0.26103398989701226,0.4931912519089945,0.473679149545778,240,480,880,0,0,1600,0,0,0,40,680,0,80,7776,3888,120,40,0,80,360,0,0,1160,93729,320,800,640,0,0,0,0,40,0,6032,1944,0,0,0,80,0,0,0,0,40,0,0,0,0,0,0,0,0,0,0,0,0,0,1760,0,0,0,0,3888,0,0,120,0,0,0,0,240,0,0,0,0,0,0,0,0,0,0,0,0,0,0,0,0,0,0,0,0,0,40,0,0,0,0,40,0,0,0,0,0,0,0,0,0,0,0,0,0,0,0,0,0,0,0,0,0,0,0,0,0,0,0,0,0,0,NA,NA,NA,NA,NA,NA,NA,NA,NA
2019-03-13,KC10,51.65121595,-127.9522666,6.9527,31.0695,1.7192851729955043e-4,0.5044120815607585,0.12354545454545462,1.6229,138,1.3366479575927668,15.6374681514182,27.9038599819267,1.32647277497932,16,35,1.49794735860078,0.285740200493834,0.406524965372134,0.6839278571678727,0.13046231692214583,0.1856098259099814,2.14547838758194,124,1178,6076,0,0,868,0,1736,0,0,5580,0,1550,262530,70000,62,0,0,372,806,0,0,3909,47369,0,4526,9610,930,124,20419,0,0,0,0,0,248,0,0,124,0,0,12987,496,0,0,2917,0,0,0,0,0,0,0,0,0,0,0,248,0,0,0,0,0,0,0,0,248,868,1240,0,186,0,0,0,1240,0,0,0,0,0,0,0,2917,0,0,0,310,0,0,0,0,0,0,0,0,0,0,0,0,0,0,0,0,0,0,0,0,0,0,0,0,0,0,0,0,0,0,0,0,0,0,0,0,0,0,0,0,0,NA,NA,NA,NA,NA,NA,NA,NA,NA
2019-03-15,DFO2,51.51995898,-127.5577563,7.364,30.5156,9.160815093865249e-4,0.9024150341062978,0.41154545454545466,5.4661,132,1.387592765824759,10.2992115942056,19.2890956474252,0.895442892508995,8,18,4.70309448623528,0.494317835703983,0.439259637910583,0.8343743470855743,0.08769675425943203,0.07792889865499364,NA,41,902,410,0,82,2296,0,615,0,41,3239,0,82,150500,10500,0,246,41,205,697,82,0,492,149102,0,287,4264,1599,0,0,41,0,0,246,10787,1230,0,0,205,0,0,7296,0,0,0,0,0,0,0,3500,3500,0,0,0,0,0,41,1189,0,41,0,0,0,0,0,0,164,0,0,41,0,0,0,0,287,0,0,0,0,0,0,82,1750,0,0,0,0,0,0,0,0,0,0,0,0,0,0,1271,0,0,0,0,0,0,0,0,0,0,0,0,0,0,0,0,0,0,0,0,0,0,0,0,0,0,0,0,0,0,NA,NA,NA,NA,NA,NA,NA,NA,NA
2019-04-18,KC10,51.65022845,-127.9521407,8.3425,31.354,2.719817490973155e-4,0.5237047425732726,0.05249999999999999,0.6875,137,0.9209416900530101,10.8390719175685,17.4537055418428,1.1753998329721,12.5,35,0.397898223677775,0.249196219966935,0.0994860905386366,0.5329608869497506,0.33378344137986454,0.1332556716703849,0.803297410216683,620,1178,2604,0,0,1798,0,1798,62,496,4278,3182,744,35002,35002,62,372,124,868,124,496,124,7976,65539,372,1426,3968,1240,62,3182,434,62,0,10042,28636,0,0,0,62,0,0,1612,248,434,124,3182,0,0,0,0,0,62,248,372,124,0,62,0,0,0,0,6364,0,0,0,0,558,0,0,0,310,0,62,0,0,0,6364,0,0,0,0,0,0,124,0,0,0,0,0,0,0,0,0,0,0,0,0,0,62,0,0,62,0,0,0,0,0,0,3182,0,0,0,0,0,0,0,0,0,0,0,0,0,0,0,0,0,0,0,NA,NA,NA,NA,NA,NA,NA,NA,NA
2019-04-19,DFO2,51.52088554,-127.5580636,8.2858,30.7774,4.508307828036266e-4,6.358070890723525,0.23249999999999993,0.948,130,1.3238384783286565,11.5800719533031,18.1803479362568,1.09614194930322,7,22,1.35941600536327,0.53474090866545,0.235987927529162,0.638180079984167,0.2510349992324311,0.11078492078340182,1.98790568498081,712,1958,2670,623,178,2403,0,1335,89,0,7120,0,178,93336,85558,267,267,178,890,178,2492,38890,4868,172053,890,2314,9879,445,0,7778,178,890,0,31201,7778,0,0,0,445,356,0,0,445,0,0,11667,3889,3889,0,0,11667,0,267,4806,8544,0,0,10235,2848,0,0,0,0,0,0,0,0,2047,178,0,0,0,0,0,445,0,7778,0,0,0,0,0,0,0,0,0,0,0,0,0,0,0,0,0,0,0,0,0,89,0,0,0,0,0,0,0,89,0,3889,0,0,0,0,0,0,0,0,0,0,0,0,0,0,0,0,0,0,0,NA,NA,NA,NA,NA,NA,NA,NA,NA
2019-05-11,KC10,51.65053524,-127.9517709,9.4917,30.9056,6.600773090013807e-4,1.677735782126888,0.7507,3.3382,100,0.5181540380417838,10.9981587935156,25.7462421725854,1.02092268397668,9,21,2.19059778074779,1.75672942384796,0.62321374479872,0.47928632628004614,0.38435919146084907,0.13635448225910476,4.91982767394575,144,1152,7920,0,4032,288,0,10944,0,288,15696,11667,0,175005,443346,0,0,0,864,288,1296,2736,14691,147648,144,7632,26352,0,0,11667,288,0,224694,630594,144,14976,576,0,288,432,0,4320,0,0,0,11667,0,0,0,0,58335,144,0,0,144,0,0,2448,0,0,0,23334,11667,0,0,0,0,0,0,0,0,0,0,0,0,0,0,0,0,0,0,0,0,0,0,0,0,0,0,0,0,0,0,0,0,0,0,0,0,0,0,0,0,0,0,0,0,0,0,0,0,0,0,0,0,0,0,0,0,0,0,0,0,0,0,0,0,0,0.03426308,0,0.020540161,0.228759895,0.134054801,0.467149124,0.471594671,0.169195451,3.449700157
2019-05-13,QCS01,51.70495846,-128.2386378,10.0424,31.6096,2.837209697493541e-5,0.5544225997655303,1.0547,20.0753,84,0.3633083879014662,0.0252373348085397,0.258195769275625,0.0481114110653786,4,14,15.5115107799344,0.894619297290596,0.467233973108129,0.9192897595087545,0.05301961687200923,0.027690623619236413,18.1628543104944,311,2488,8708,25813,1555,1555,0,35765,0,311,46650,3889,1555,58335,116670,0,0,0,933,1244,622,0,119469,592000,3732,6220,68420,37942,0,3889,933,311,124448,163338,19445,37942,0,0,0,0,5287,0,8397,1244,0,0,0,3889,0,0,0,622,0,1555,1244,0,0,228000,76960,0,0,7778,0,0,0,311,3421,311,6842,0,5909,0,311,0,5909,0,0,0,0,0,0,933,0,0,0,0,0,933,0,0,0,0,622,0,0,0,0,933,0,0,0,1866,0,0,0,0,0,0,0,0,0,0,0,0,0,0,0,0,0,0,0,0,0,0,0,0,0,0,0.371309598,0.006263518,0,0.262185343,6.82606e-4,0.333038027,0,0,11.18391689
2019-05-14,DFO2,51.52111,-127.559,10.3501,29.7401,0.0073473878998543485,16.00591840332072,0.4247000000000002,5.4136,84,1.0779918927346432,5.05824585740805,15.8019395231101,0.639725919206859,3.5,22,2.13863835840056,1.21294306681145,0.661628640558705,0.5328996796458115,0.30223762198665544,0.16486269836753306,5.57209943141519,267,5162,15041,0,0,14832,0,356,0,0,178,70002,712,0,70002,623,89,89,4361,712,801,0,26983,429000,623,13528,8900,0,0,0,801,89,186672,623,1190034,0,0,0,356,0,0,0,623,0,0,11667,0,23334,0,0,0,0,0,0,0,0,0,1691,0,0,0,0,0,0,0,0,1780,0,0,0,0,0,89,0,267,0,11667,0,0,0,0,89,0,0,11667,0,0,0,0,0,0,0,0,0,0,0,0,0,0,0,0,0,0,0,0,0,0,0,0,0,0,0,0,0,0,0,0,0,0,0,0,0,0,0,0,0,0,0,0.057323264,0,0.229631245,0.441588958,1.057085007,0.90362679,0.328984891,0,2.981745958
2019-06-09,QCS01,51.705360400000004,-128.2387787,11.7471,31.4516,-9.611319960998141e-6,0.8804632769849832,0.3418,2.927,85,0.3323854069223579,0,1.61919162853084,0.181033745601284,7,22,1.60081078576162,0.313230875653313,0.128037577658698,0.7839121788867567,0.15338820828294944,0.06269961283029399,3.34037178928833,89,1869,4628,0,267,890,0,112000,3026,1068,10413,8750,178,26250,17500,890,89,0,1602,0,712,0,1246,9345,178,3560,2670,0,0,8750,890,267,21875,5176,4375,17500,178,0,623,801,0,0,267,2670,0,0,0,4375,0,0,0,534,445,445,445,0,0,712,0,0,0,8750,0,0,0,623,267,0,267,0,0,0,0,0,356,0,0,890,0,0,0,0,0,0,0,0,0,0,0,0,0,0,0,0,0,0,534,0,4183,0,0,0,0,0,0,0,0,0,0,178,0,0,0,0,0,0,0,0,0,0,0,0,0,0,0,0,0,0,0.041713185,0,0.103219283,0.083280517,0.133438352,0.111053911,0.20988628,0.168463866,1.935914059
2019-06-10,KC10,51.65037589,-127.9509729,10.1577,30.9676,0.001226664525638526,2.127263510365765,0.29280000000000006,3.4496000000000002,97,0.5447209229809791,4.14701637367013,11.4234807766429,0.479433273888056,7.5,32,3.45794256097552,1.07494006631398,0.623617235559635,0.6705987885094006,0.2084631232240624,0.12093808826653708,4.68266817229723,0,1152,1584,5760,0,5616,0,101232,1728,2304,46650,17500,144,201250,78750,0,144,0,432,0,1152,144,28410,217856,144,1008,22552,2736,0,35000,432,432,8750,9038,35000,1584,0,0,0,144,0,0,0,1152,0,0,8750,17500,0,0,0,144,0,0,576,0,144,0,0,0,0,0,0,0,144,0,1152,0,0,0,0,0,0,144,11232,0,17500,0,0,0,0,576,0,288,0,0,0,0,0,0,0,0,0,0,0,0,0,0,864,0,0,0,0,0,0,0,0,0,8750,0,0,0,0,0,0,0,0,0,0,0,0,0,0,0,0,0,0,0,0.048822064,0,0.131730698,0.218465492,0.151510636,0.253218437,0.284955725,0.176304745,3.403870225
2019-06-11,DFO2,51.52117772,-127.5575963,9.8456,29.0008,0.007189094247643575,13.212993395496824,0.3268000000000001,3.3048,88,1.525908949173683,6.66026788187142,20.3015315297311,0.586073935090072,5,24,3.75988387540177,0.699657126575729,0.53376738680557,0.7529845110003511,0.14011894962214502,0.10689653937750393,6.58220621971975,576,1008,2160,0,0,2448,0,12528,288,288,1584,17500,720,105000,48125,0,0,288,288,576,720,4375,15717,840800,3312,1296,9360,4032,0,0,144,144,17500,18508,13269,2880,288,0,5040,0,0,0,432,288,0,0,0,0,0,0,0,144,0,144,144,0,0,2592,864,0,0,0,0,0,0,576,288,0,432,144,0,0,0,0,0,0,0,0,0,0,0,0,0,0,0,0,0,288,0,0,0,0,0,0,0,0,0,0,0,0,0,0,0,0,0,0,0,13824,0,0,576,0,0,0,0,0,0,0,0,0,0,0,0,0,0,0,0,0,0.028602247,0.015667879,0.00563133,0.13635012,0,0.239777334,0.006006662,0,3.125299613
2019-07-06,DFO2,51.52300534,-127.5564612,9.8637,29.826,0.0020877302798937053,9.356489729913733,0.46019999999999994,1.3734,76,1.1649734954786406,13.1887111553526,28.3963884563124,1.21089204655227,5,29,NA,NA,NA,NA,NA,NA,NA,432,1008,3744,0,0,1008,0,20600,432,26800,17712,0,288,166250,280000,288,144,864,720,0,432,0,29418,1106000,0,3168,4320,0,0,61250,288,288,0,105000,0,0,0,0,2160,0,0,0,0,1296,0,0,0,0,0,0,0,0,0,144,288,0,0,2016,0,0,0,0,0,0,144,3600,864,0,1296,0,0,0,8750,0,2016,0,0,288,0,0,0,288,0,0,0,0,0,0,0,0,0,0,0,0,144,0,0,0,0,0,0,0,0,0,0,0,0,24200,0,0,0,0,0,0,0,0,0,0,0,0,0,0,0,0,0,0,0,0,0.095727333,0,0.15508732,0.318799342,0.299483048,0.280242118,0.46228235,0,3.653606653
2019-07-07,QCS01,51.70138485,-128.2312341,13.6243,31.4805,3.035728201082579e-4,1.6560080484642867,0.30620000000000003,3.5131,76,0.3598316183348924,1.44216108541418,4.9594117752844,0.290601448250565,7,22,NA,NA,NA,NA,NA,NA,NA,432,2016,6048,2160,0,576,0,452000,20016,288,1872,23332,1584,64163,64163,0,864,0,1008,0,288,144,13250,26584,5760,4464,144,39186,0,5833,0,1008,11666,18076,0,3888,720,0,0,0,0,0,432,432,0,0,0,0,0,0,0,432,144,1872,288,0,0,17424,0,0,0,11666,0,0,144,144,6336,0,576,0,144,0,0,0,2448,0,0,0,432,0,0,0,0,0,0,0,0,0,0,0,0,0,144,0,0,0,0,0,144,0,0,1008,0,144,0,0,0,0,0,0,0,0,0,0,0,0,0,0,0,0,0,0,0,0,0,0,0,0,0.096862968,0,0.238831503,0.192100535,4.70972e-4,0.226084381,0.509520983,0.198508831,3.296423713
2019-07-10,KC10,51.65039154,-127.9510821,13.3128,29.9441,0.0024180136939005864,3.4072641758108375,0.5742,1.2659,79,0.7580261927034618,0.0813899497704903,0.318649119522038,0.063961490066061,5.5,19,NA,NA,NA,NA,NA,NA,NA,1244,1866,3732,622,0,3421,622,69264,37009,3421,1244,32087,0,8751,14585,0,0,622,0,311,622,0,6456,80932,6220,3421,123311,45406,0,0,311,1244,0,311,11668,40838,5834,311,311,933,0,0,2799,933,0,0,0,0,0,0,0,0,622,0,1866,0,0,84903,0,0,0,29170,0,0,0,1244,27990,3110,0,0,3732,0,0,0,12440,0,0,0,0,0,0,311,0,311,8750,0,0,0,0,0,311,0,0,0,0,0,0,0,311,0,0,0,0,0,0,0,0,0,0,0,0,0,0,0,0,0,0,0,0,0,0,0,0,0,0,0,0,0,0.048960666,0,0.074592438,0.069429489,2.58687e-5,0.089574171,0.266510462,0.156062238,0.896840026
2019-08-03,KC10,51.6506707,-127.9518873,11.9893,29.1071,0.0023191128574904245,3.7225874379373636,0.3733333333333333,1.4351,78,1.3241783598378551,8.30635787914334,17.6739105242634,0.839751593020855,9.5,21,0.763887653551312,0.758791658791895,0.380515552554097,0.40137122458689023,0.3986936244874953,0.19993515092561454,2.1447315209892,111,999,3885,0,0,8658,0,222,10434,555,2775,15000,222,170000,155000,222,2220,0,555,222,222,2442,4440,10767,1332,3552,4995,1554,0,0,111,222,0,63330,10000,0,222,0,333,0,0,0,0,1221,0,0,0,15000,0,0,0,0,0,0,222,0,0,80000,0,0,0,5000,0,0,0,111,12099,0,0,0,0,0,0,0,999,111,15000,0,111,0,0,0,0,0,0,0,0,0,0,0,0,0,0,0,0,0,0,10000,0,0,0,0,0,0,0,111,0,0,0,0,0,888,0,0,0,0,0,0,0,0,0,0,0,0,0,0,0,0,0.128821998,0,0.121923933,0.113931188,0.162254305,0.255078569,0.156843536,0.17425701,0.50880299
2019-08-05,DFO2,51.52051927,-127.5587218,10.6721,29.7555,0.0024914438477794012,9.213342430226362,0.7203333333333333,2.2944,82,1.3333551605862177,9.66676271092645,23.0535890063156,0.925957465825035,4.5,NA,0.786211178806262,1.15053154928259,1.15565465039711,0.25424002240979493,0.37205165069887963,0.37370832689132555,3.9671356061357,0,979,86972,0,0,267,0,356,0,6408,801,0,15943,361677,210006,712,0,0,801,178,890,356,24223,72816,0,71029,0,0,0,221673,0,0,350010,11845,0,267,89,0,1869,0,0,0,0,0,0,58335,0,11667,0,11667,0,0,0,0,0,0,89,0,0,0,0,23333,23333,0,0,0,0,0,0,0,0,0,0,0,0,0,11667,0,0,0,0,0,0,0,0,0,0,0,0,0,0,0,0,534,89,0,0,0,0,0,0,0,0,0,0,0,0,0,0,0,0,3026,89,4272,89,0,0,0,0,0,0,0,0,0,0,0,0,0,0.325363288,0,0.116162997,0.662254165,0.720828195,1.014717549,0.262096475,0,1.044168641
2019-08-06,QCS01,51.7048912,-128.2382234,13.4302,30.5249,0.0031988411591753244,2.0327516712134184,0.6153333333333333,6.36,94,0.41494543186778937,3.72878524423661,11.580526294218,0.567584956510166,5.5,28,1.87580821854764,0.488138740202354,0.586098800621772,0.6358573295307485,0.16546819270569782,0.1986744777635538,NA,288,1872,1440,1152,864,7488,0,6624,21000,0,3024,720,0,113750,113750,1296,1728,144,1152,144,432,288,18364,11232,1008,1440,3024,5472,288,0,0,288,8750,148750,52500,720,0,288,0,0,576,0,1008,576,0,17500,0,0,0,0,0,0,288,0,288,0,288,2160,0,0,0,61250,17500,0,0,432,40430,0,864,0,1008,0,432,0,3888,144,8750,4320,1296,288,0,144,0,288,0,0,0,0,0,0,0,0,0,288,0,144,0,720,2160,0,0,1296,144,0,0,144,0,144,0,0,0,0,0,0,0,0,0,0,0,0,0,0,0,0,0,0,0,0,0.155265205,0,0.430889621,0.093417613,0.440891353,0.251951662,0.580680673,0.251707527,3.009603779
2019-08-31,QCS01,51.70551986,-128.2392249,13.8553,30.2062,6.648821419033687e-4,2.264761131535238,0.4737,4.2035,81,0.6467695665731216,3.13929456683333,12.886094076261,0.540328508946919,7.5,27,1.7934014386479,1.4912388240782,1.30666992198708,0.3906077713109105,0.324795921879401,0.28459630680968856,5.33900553984152,0,7437,16428,0,333,2109,0,2109,111,222,5883,17500,222,498750,157500,1665,111,0,3885,555,2886,2331,2442,6105,333,15984,1221,555,111,52500,222,2997,8750,555,17500,0,0,0,888,0,666,0,1332,3774,0,26250,52500,17500,0,0,0,111,0,999,3552,0,0,0,0,0,0,105000,0,222,0,444,2331,0,888,0,0,0,0,0,2331,0,17500,666,222,444,0,0,0,0,0,0,0,0,0,0,0,0,0,0,0,0,0,0,333,3330,0,0,0,333,222,0,0,222,0,0,0,777,0,0,0,8750,8750,0,0,0,0,0,0,0,0,0,0,0,0.092524252,0.383801982,0.422275643,0.469410638,0.272223818,0.754594823,0.888969421,0.781732132,0.761222283
2019-09-01,KC10,51.65033574,-127.9516082,12.7236,29.506,0.0054144312141454955,4.3310307573253795,0.3157000000000001,2.3743,78,0.9488244465232307,7.65572372137828,21.2149017232208,0.820637832268192,7.5,42,0.823285751816035,2.41884021148893,1.25203619817998,0.18319004126544644,0.5382182761935999,0.2785916825409537,4.18155148885032,222,5661,8325,0,333,1554,0,111,111,0,333,11667,222,280008,280008,2442,1443,333,3552,0,2220,555,666,999,0,7992,222,0,0,93336,111,2109,11667,23555,23333,0,0,222,777,0,0,0,222,555,0,35001,11667,11667,0,0,0,111,111,666,3108,0,0,444,0,0,0,46668,0,111,0,0,666,0,0,0,0,0,0,0,666,0,11667,111,333,0,0,0,0,0,0,0,0,0,0,0,0,0,0,0,0,0,0,0,0,2664,0,0,666,222,0,111,111,0,0,0,0,1998,0,0,0,0,0,361677,0,0,0,0,0,0,0,0,0,0,0.158636586,0.069431717,0.216113391,0.431557978,0.308718453,0.642177035,0.569636524,1.458784978,0.469560303
2019-09-02,DFO2,51.5207456,-127.5587928,10.8213,30.183,0.001936432133196617,4.124798318259195,0.24970000000000003,2.7789,77,0.9865918303710633,10.5295177022917,22.627895871957602,0.955690406441564,3,18,NA,NA,NA,NA,NA,NA,NA,768,576,1488,0,0,912,0,528,240,2352,960,0,0,121923,94392,528,192,0,192,336,240,240,192,1053927,0,1344,336,0,96,7866,144,48,11799,11799,7866,6,3933,48,1824,0,0,0,0,192,0,0,0,0,0,0,3933,96,0,0,0,0,48,576,0,0,0,3933,0,0,0,0,144,0,0,0,0,0,48,0,0,48,0,0,0,0,0,0,0,0,0,0,0,0,0,0,0,0,0,0,0,0,0,0,0,0,0,0,0,0,0,0,0,0,0,0,0,1776,0,0,0,0,0,0,0,0,0,0,0,0,0,0,0,0,0.056974166,0,0.003333836,0.332154647,0.029982023,0.275036288,0.456925377,0,5.77560695
2019-10-01,KC10,51.65071452,-127.9516522,10.7604,29.9545,7.137244817546451e-4,1.9037076708725635,0.17290000000000005,0.7202,92,1.4257000311817907,17.0607869683729,34.444426164846,1.500438394397,9.5,33,0.20223079691081,0.19168666059007,0.23720416336811,0.3204307858006177,0.3037238057636768,0.37584540843570546,0.963243059732813,144,528,2640,288,0,576,336,96,1680,48,288,5834,1056,67091,72925,288,624,0,336,96,240,2917,3109,3264,576,1584,864,0,144,0,0,96,0,6074,6169,432,48,0,144,0,192,0,0,0,0,5834,0,0,0,0,2917,0,0,0,0,0,0,0,0,0,0,11668,0,0,0,0,1920,0,0,48,0,0,288,0,192,0,0,528,0,48,0,0,0,0,0,0,0,0,48,0,0,0,0,0,0,0,0,0,0,0,0,0,48,0,0,48,0,0,0,0,0,2304,0,0,0,0,2917,0,0,0,0,0,0,0,0,0,0,0,0.048832382,0.035136038,0.028522691,0.077427735,0.116059686,0.128536094,0.105762467,0.239405649,0.035058328
2019-10-04,DFO2,51.52105504,-127.5585005,10.6305,29.8691,0.0020770726871481393,4.727407932611527,0.21889999999999987,1.4082,95,1.1406641721234805,17.8220772026788,33.5847497339975,1.49025041828785,7,24,0.147484728444471,0.131367078805747,0.985268366173813,0.11666986378754621,0.10391977089482124,0.7794103653176325,1.30423600810458,480,280,1920,0,0,240,0,120,0,320,200,0,600,148750,153125,40,0,0,160,80,0,0,0,4080,23636,1280,80,0,0,30625,40,40,0,4375,4415,0,4375,0,0,0,0,0,0,0,0,21875,0,0,0,4375,0,0,0,0,0,0,0,160,0,0,0,0,0,0,0,0,160,0,0,0,0,0,0,0,0,0,0,0,0,0,0,0,0,0,0,0,0,0,0,0,0,0,0,0,0,0,0,0,0,0,0,0,0,0,0,0,0,0,0,0,0,4375,0,0,0,0,0,0,0,0,0,0,0,0,0,0,0,0,0,0,0.033822125,0.362965395,0.4354926,0.183956486,0.179542437,0,0.35560663
2019-10-05,QCS01,51.70047007,-128.2411472,12.2691,32.1961,-6.6864711438693195e-6,0.14822620208860826,0.09189999999999988,1.3072,102,NA,6.71448556887225,14.1999259715165,0.762365529229194,12,NA,0.883458187944998,0.481179983119307,0.279815572528482,0.5372350492600826,0.29260779453001184,0.17015715620990568,2.04525360217441,0,1776,5772,1036,0,518,0,14688,740,518,1924,0,740,81669,120559,74,74,0,444,1036,222,222,2368,666,814,4736,4662,7252,0,3889,296,296,120559,148,0,0,11667,0,74,74,296,0,0,2590,0,0,0,0,0,0,0,74,0,0,74,0,0,1184,0,0,0,0,0,0,0,370,3848,0,0,0,0,0,0,0,0,0,0,370,74,0,0,0,0,0,0,0,0,0,0,0,0,74,0,0,0,0,0,0,0,222,0,370,0,74,0,0,0,0,0,148,0,0,0,0,0,0,7778,0,0,0,0,0,0,0,0,0,0,0,0.050385083,0.156298154,0.23062742,0.066957105,0.141880763,0.226730776,0.222110858,0.194222728,0.642854045
2019-11-25,DFO2,51.52123296,-127.557713,9.6122,27.643,0.006093440045230645,13.062694882806113,0.5680909090909092,0.2775,109,1.7718303710632997,15.9046649603484,31.1012352530671,1.16405861550173,2,3,0.0931463150289672,0.0956533458568237,0.100789608558221,0.32164974623472975,0.3303069414155795,0.3480433123496908,0.343496160416944,40,1400,1080,0,200,160,0,0,0,120,80,0,160,14000,3500,0,0,0,920,480,1440,0,3660,6208,120,920,40,0,40,0,0,0,0,0,1750,0,40,0,80,0,0,0,0,0,0,0,0,0,0,0,0,0,0,0,0,0,0,0,0,0,0,0,0,0,0,0,0,0,0,0,0,0,0,0,0,0,0,0,0,0,0,0,0,0,0,0,0,0,0,0,0,0,0,0,0,40,0,0,0,0,0,0,0,40,0,0,40,0,0,0,0,0,0,0,0,0,0,0,0,0,0,0,0,0,0,0,0,0,NA,NA,NA,NA,NA,NA,NA,NA,NA
2019-11-26,KC10,51.65047946,-127.9512468,9.0446,28.7207,6.407263246234209e-4,2.4689585529282567,0.493090909090909,0.4539,113,2.3178796382912386,18.6454075893789,33.7364918604938,1.43284972108399,11.5,11,0.186471635495948,0.24370707292026,0.184105899627163,0.30355902305594207,0.39673315874952425,0.2997078181945336,0.530558275184419,40,3637,3320,0,120,320,0,40,40,400,280,0,800,84593,11668,120,0,0,600,120,320,0,240,1560,200,2440,0,280,440,5833,80,2917,0,160,5833,0,320,0,120,0,0,0,0,40,0,0,0,0,0,0,0,0,0,0,0,0,80,0,0,0,0,2917,2917,0,40,0,160,0,0,0,0,0,0,40,0,80,0,0,120,0,0,0,0,0,0,0,0,0,0,80,0,0,0,0,0,0,0,0,0,0,0,0,0,40,0,0,0,0,0,0,0,200,0,0,0,0,0,0,0,0,0,0,0,0,0,0,0,0,NA,NA,NA,NA,NA,NA,NA,NA,NA
2020-02-09,QCS01,51.70522847,-128.2383174,7.2966,30.9207,2.77606521476602e-5,0.4903193299908253,0.11383333333333334,0.3159,117,1.6657561584034926,NA,NA,NA,12.5,23,NA,NA,NA,NA,NA,NA,NA,NA,NA,NA,NA,NA,NA,NA,NA,NA,NA,NA,NA,NA,NA,NA,NA,NA,NA,NA,NA,NA,NA,NA,NA,NA,NA,NA,NA,NA,NA,NA,NA,NA,NA,NA,NA,NA,NA,NA,NA,NA,NA,NA,NA,NA,NA,NA,NA,NA,NA,NA,NA,NA,NA,NA,NA,NA,NA,NA,NA,NA,NA,NA,NA,NA,NA,NA,NA,NA,NA,NA,NA,NA,NA,NA,NA,NA,NA,NA,NA,NA,NA,NA,NA,NA,NA,NA,NA,NA,NA,NA,NA,NA,NA,NA,NA,NA,NA,NA,NA,NA,NA,NA,NA,NA,NA,NA,NA,NA,NA,NA,NA,NA,NA,NA,NA,NA,NA,NA,NA,NA,NA,NA,NA,NA,NA,NA,NA,NA,NA,NA,NA,NA,NA,NA,NA,NA
2020-02-11,KC10,51.65078192,-127.9514488,6.8797,30.237,3.641321097453554e-4,1.091266532442205,0.2798333333333335,0.4235,132,2.5370564390396018,20.2371426813743,36.3128177083527,1.63525061658567,13,17,0.0613773845860239,0.142545610398806,0.10423080909859,0.19917776049718508,0.4625794279022357,0.33824281160057923,0.262723178611296,120,320,320,0,0,840,0,0,0,80,320,0,0,79322,18664,360,0,0,120,40,40,0,320,760,60,280,200,0,0,0,40,160,0,11747,0,0,0,0,0,0,0,0,0,0,0,0,0,0,0,4666,9332,0,0,40,0,0,0,0,0,0,0,0,0,0,0,0,0,0,0,0,0,0,0,0,0,0,0,0,0,0,0,0,0,0,0,0,0,0,0,0,0,0,0,0,0,0,0,0,0,0,0,0,0,0,0,0,0,0,0,0,0,0,0,0,0,0,0,0,2333,0,0,0,0,0,0,0,0,0,NA,NA,NA,NA,NA,NA,NA,NA,NA
2020-02-12,DFO2,51.52053563,-127.5586748,7.4611,29.6173,0.0029504325908400364,4.035938070705583,0.22983333333333344,0.5984,126,2.580308699719365,17.7616932073194,33.7159351237303,1.41172904814159,11.5,17,0.133144244794344,0.399859483347255,0.330916612929034,0.15411634437191507,0.46284300107081633,0.3830406545572686,0.811753860303025,120,200,1200,0,0,2760,0,0,0,0,160,3500,720,143500,66500,200,0,0,200,0,40,40,4420,7902,40,440,560,0,40,7000,40,0,0,160,3500,0,10500,0,0,0,0,0,0,0,0,0,0,0,0,10500,10500,0,0,0,0,0,0,0,0,0,0,0,0,0,0,0,0,0,0,0,0,0,0,0,0,0,0,0,0,0,0,0,0,0,0,0,0,0,0,0,0,0,0,0,0,0,0,0,0,0,0,0,0,0,0,0,0,40,0,0,0,0,0,0,0,0,0,0,0,0,0,0,0,0,0,0,0,0,NA,NA,NA,NA,NA,NA,NA,NA,NA
2020-04-30,KC10,51.6509715,-127.9523521,8.8348,30.71,7.659460704645585e-4,2.132852237256543,0.4754,4.4097,101,1.0371905207358905,4.62655750138188,6.52901447150124,0.509634108816224,4.5,11,10.7538901195252,0.618600309816914,0.159973579843787,0.9324885047080531,0.053639908117136384,0.013871587174810514,11.2560991841545,432,9183,1296,3168,0,3600,0,2304,0,1872,20944,0,144,17502,32087,144,0,0,288,144,1196,144,7130,496000,17568,720,13248,29400,0,5834,432,8751,0,20419,43750,79920,0,0,288,0,0,32033,4464,144,0,5834,0,0,0,0,0,0,432,0,0,0,720,121952,28800,0,432,5834,0,0,0,864,0,59200,24600,0,0,0,0,0,2016,0,0,0,144,144,0,0,0,0,0,0,0,0,0,0,0,0,0,0,0,0,144,0,0,0,0,144,0,0,0,0,0,0,2917,0,0,0,0,0,0,0,0,0,0,0,0,0,0,0,0,0,0,0,0.008991013,0.114154163,0.001114566,0,0.163209324,0.13599418,0.364228522,0,8.478691419
2020-05-01,QCS01,51.70523667,-128.2393665,8.7119,31.5375,2.720598268669275e-4,0.4873087560231397,0.36240000000000006,2.8814,108,0.403333333333334,6.99947835968802,7.4542634453233,0.756152717163491,8,16,5.45771875759,0.382856830822993,0.0771904863062075,0.9222599691639501,0.06469617521019697,0.013043855625852904,8.56864710460681,288,20885,2448,4320,1728,2160,0,2016,144,2736,69856,0,144,23334,62224,144,432,144,720,720,1440,144,1728,244928,0,1296,9648,8352,576,23334,1008,19445,4176,39322,7922,34128,0,0,144,0,1440,100000,4752,1296,0,0,0,3889,0,0,3889,144,144,288,0,0,720,33899,42918,0,0,15556,0,0,0,432,0,91760,26400,144,0,0,0,0,0,0,0,0,0,288,0,144,0,0,3889,0,1152,1008,0,0,0,0,0,144,0,0,0,0,144,0,0,0,0,0,0,0,288,0,3889,0,0,0,0,0,0,0,0,0,0,144,0,0,0,0,0,0,0,0,0,0.105784835,0.001221299,0.109156622,0.001632027,0.108510287,0.28999344,0,4.421476126
2020-05-04,DFO2,51.52101262,-127.5580196,8.4924,28.2729,0.00952584025951711,7.35175329928984,0.2814000000000001,1.1786,103,1.6041347053320865,10.461084319236,19.7883749138315,0.916530434601235,6,16,2.44713656299296,0.56293916555145,0.162792318807705,0.7712695663581701,0.17742281026191592,0.05130762337991386,3.38698003186867,445,890,2047,0,0,890,0,0,0,890,24400,0,267,40838,58340,0,0,0,445,178,3115,178,4074,244052,356,1691,1335,1157,0,0,89,178,0,3006,8751,1157,0,0,178,0,0,11211,0,356,0,0,0,2917,0,17502,0,0,0,267,2136,0,0,979,1335,0,0,0,0,0,0,0,0,8188,534,178,0,0,178,0,0,0,0,0,0,89,0,0,0,89,11667,0,0,0,0,0,0,0,0,0,0,0,0,0,0,0,0,0,0,0,0,0,0,0,0,0,0,0,0,0,0,0,0,0,0,0,11322,0,0,0,0,0,0,0,0.010050557,0.070977947,0.02260487,0.002350927,0.14817456,0.109696356,0.54301023,0,1.776878258
2020-06-06,DFO2,51.52052186,-127.5583873,9.3128,29.0959,5.055001369524224e-4,12.293838404534768,0.8967999999999998,1.1183,94,1.474396632366698,10.925352897653,25.0009378057832,0.991746912281279,6.5,28,0.638353917912565,0.485484705892652,0.245112862293458,0.46630864891478846,0.3546398180086112,0.17905153307660024,1.23472938989357,534,1068,3471,0,0,3382,0,534,89,267,1335,0,356,93336,77780,178,267,89,623,356,1246,267,6737,301920,623,2759,7565,979,0,23334,356,89,0,3978,42778,1780,178,0,1335,0,0,0,0,1424,0,11667,0,7778,0,0,0,0,0,0,0,0,445,10858,175,0,0,0,0,0,356,356,0,0,0,178,0,0,89,0,0,0,0,0,0,0,0,0,0,0,89,0,0,0,0,0,0,0,0,0,89,0,89,356,0,0,0,178,0,0,0,0,0,0,0,0,0,0,0,0,0,0,0,0,0,0,6586,0,0,0,0,0,0,0,0.028317474,0.059618256,0.060880328,0.082155748,0.254837044,0.131148023,0.266767633,0,0.465619783
2020-06-08,QCS01,51.70493357,-128.239346,11.255,29.9437,9.038762368664508e-4,2.0811016669073297,0.30879999999999996,2.5054,82,1.0393171188026198,2.57315171335011,8.17854304573615,0.436721235838676,6.5,27,2.89822119717779,0.646094113052263,0.278199750108014,0.7581974567606984,0.16902330085133055,0.07277924238797107,3.32758984631851,720,24434,6192,2016,0,1296,0,4752,432,720,5040,0,288,9546,136826,1008,0,144,864,1296,3168,432,14140,321200,0,5040,9648,2016,0,0,864,22274,49000,4478,0,24480,144,0,2304,0,1152,0,0,144,144,0,0,3182,0,0,0,144,864,1728,144,0,0,25400,2880,0,288,9546,0,0,288,288,3024,0,0,288,0,0,0,0,4752,0,0,0,144,0,0,288,0,0,3182,0,0,0,0,0,0,0,0,0,0,0,0,0,0,0,0,2016,0,0,0,0,0,0,0,0,0,0,0,0,0,0,0,0,0,0,0,0,8208,3600,0,0,0,0,0.042052079,0.036347233,0.046850281,0.109146881,0.130504208,0.159455607,0.213886132,0,1.627788007
2020-07-02,KC10,51.65086273,-127.9523956,10.6459,28.3868,0.0014052930177472036,4.773058353162014,0.5604999999999998,4.3512,84,1.2852104770813844,5.13117807120283,13.1064461412502,0.449469834826801,3,17,7.17110439260081,NA,0.968251870562344,NA,NA,NA,7.41292069074781,622,3110,4665,0,622,933,0,5287,0,8397,4665,0,311,507471,373312,2488,0,311,1244,1866,3110,0,12910,2153792,3110,4043,1866,622,0,11666,311,0,0,13532,5833,2177,0,0,3732,0,1555,0,0,2799,0,5833,5833,0,0,0,0,0,0,0,0,0,0,11196,0,0,0,5833,0,0,1244,0,3732,0,1555,311,0,0,0,0,9019,0,0,0,0,1555,0,0,0,0,17500,0,0,0,311,0,0,0,0,0,0,0,0,0,0,0,0,0,0,0,0,0,0,0,0,0,0,0,0,0,0,0,0,0,0,6531,311,0,0,0,0,0,0,0,0.137989738,0.00690726,0.001546609,0.236702944,9.10249e-4,0.368478755,0.249377474,0,4.6901398500000004
2020-07-05,QCS01,51.705077,-128.2383488,10.8417,30.5266,1.018639733385059e-4,1.7637817207589706,0.4244999999999999,4.3795,83,0.9529996881821017,6.69046380594164,16.0313733409735,0.710712753658167,5.5,14,NA,7.3243640751495,0.796685898552811,NA,NA,NA,8.36193019274547,777,5498,5217,0,0,888,0,5328,0,10656,5217,0,777,98000,91000,666,222,0,777,1221,666,3500,888,1704000,2442,4440,3663,222,0,21000,0,3500,0,15221,17500,6327,111,0,1998,0,0,0,888,1221,0,3500,0,0,0,3500,0,0,222,333,222,0,0,6549,0,0,0,0,0,0,1554,444,1665,0,333,0,0,0,0,0,3219,0,7000,0,222,888,0,111,0,0,3500,0,0,111,777,0,0,0,0,0,0,0,111,0,0,0,0,777,0,0,0,0,0,0,0,0,0,0,0,0,0,7000,0,0,0,333,0,0,0,0,0,0,0,0,0.114227731,0.076206081,7.28513e-4,0.168660813,0.202304563,0.210826968,0.221535901,0.126070676,2.868047873
2020-07-06,DFO2,51.52049363,-127.5584701,9.3904,29.3901,0.004470206151734925,6.621315337236069,0.28949999999999987,0.8664,80,1.3815684440286877,13.7553724483543,29.7255488026459,1.2032019131889,5.5,26,0.355161586801399,0.237619455984301,0.495211145372547,0.3264376258092592,0.21840180340498877,0.455160570785752,1.48894813948181,62,4757,10106,0,744,620,0,62,0,372,1116,7778,1054,155560,159449,0,186,62,682,186,19445,62,434,73600,0,8866,186,0,0,23334,186,3889,0,4633,11667,0,434,0,62,0,0,0,0,0,0,3889,3889,0,0,0,0,0,0,0,62,0,0,620,0,0,0,0,0,0,0,0,0,0,0,62,0,0,0,0,0,0,7778,0,0,0,0,0,0,0,0,0,0,0,0,0,0,0,0,0,0,0,0,186,62,0,0,0,0,0,0,0,0,0,0,0,0,0,0,0,0,0,0,0,0,0,15556,0,0,0,0,0,0,0,0.06068465,0.044205709,0,0.099396004,0.240430998,0.139721911,0.122366084,0,0.485586862
2020-08-06,QCS01,51.70493,-128.2388,16.1171,30.9343,1.270949834828178e-4,1.8970921025558027,0.25725,0.735,79,0.7304583723105709,NA,NA,NA,NA,NA,NA,NA,NA,NA,NA,NA,NA,NA,NA,NA,NA,NA,NA,NA,NA,NA,NA,NA,NA,NA,NA,NA,NA,NA,NA,NA,NA,NA,NA,NA,NA,NA,NA,NA,NA,NA,NA,NA,NA,NA,NA,NA,NA,NA,NA,NA,NA,NA,NA,NA,NA,NA,NA,NA,NA,NA,NA,NA,NA,NA,NA,NA,NA,NA,NA,NA,NA,NA,NA,NA,NA,NA,NA,NA,NA,NA,NA,NA,NA,NA,NA,NA,NA,NA,NA,NA,NA,NA,NA,NA,NA,NA,NA,NA,NA,NA,NA,NA,NA,NA,NA,NA,NA,NA,NA,NA,NA,NA,NA,NA,NA,NA,NA,NA,NA,NA,NA,NA,NA,NA,NA,NA,NA,NA,NA,NA,NA,NA,NA,NA,NA,NA,NA,NA,NA,NA,NA,NA,NA,NA,NA,NA,NA,NA
2020-08-07,KC10,51.65055824,-127.9506945,12.913,28.6923,0.004036919743032836,3.1805131776054623,0.18900000000000008,2.7809,79,1.5690770190208925,1.75798087852086,4.79191683267987,0.261694101102803,6,25,4.26481553966871,0.515081226339865,0.322306212686674,0.8358772783985402,0.10095271169936541,0.0631700099020943,6.07627371936261,576,26970,3888,1152,720,3456,0,3744,864,576,24400,8750,1296,131250,122500,288,144,0,576,144,1296,17500,37016,662000,864,2448,25632,21456,0,17500,144,26250,26600,44614,26250,20800,0,0,1440,0,288,0,6336,432,0,8750,0,0,0,0,0,0,144,576,144,0,144,31200,1152,0,0,0,0,0,0,144,1872,1152,1872,144,2880,0,288,0,288,0,0,0,0,0,0,0,0,0,8750,0,0,1152,0,0,0,0,0,0,0,0,0,0,0,0,0,0,0,0,0,0,0,0,0,0,0,0,0,0,0,0,0,0,0,432,0,0,0,0,0,0,0,0,0.047243335,0.062143117,0.069407061,0.087692102,0.001806452,0.140761623,0.189767083,0.198361958,2.402616501
2020-08-08,DFO2,51.520455750000004,-127.5585503,10.649,27.182,0.008683714718027662,11.903804304249206,0.6000000000000001,1.3392,78,2.095696913002807,11.2101121813942,27.3175443570375,0.976732201934483,2,15,3.86144754973639,0.453816973190666,0.0998917172811456,0.8745891061726728,0.10278616395447554,0.02262472987285159,3.07409571074335,444,4397,2442,0,0,296,0,370,0,1258,1110,0,518,35004,29170,0,222,74,888,592,1924,20419,962,1486000,222,1554,370,0,0,11668,370,2917,0,5982,20419,8750,296,0,1184,0,0,0,0,0,74,0,0,0,0,0,0,222,74,5106,74,0,0,0,0,0,0,2917,0,74,0,0,444,0,518,222,0,0,0,0,444,148,0,0,0,0,0,0,0,0,0,0,0,0,0,0,0,0,0,0,0,0,0,0,0,296,0,0,0,74,0,0,74,0,0,0,0,0,0,0,0,0,0,0,0,0,0,0,0,0,0,0,0,0,0.028765986,0.06819009,0.001710912,0.178266302,0,0.056848062,0.153044929,0,1.702806632
2020-09-03,KC10,51.65064803,-127.9515534,13.0576,29.0337,0.004239938668449242,3.2180501073397636,0.25627272727272743,1.8122,84,1.5658029310882449,7.48202756726011,18.8797983271354,0.842369656166164,5.5,23,0.660058446608645,0.505414455339309,0.506906167322754,0.39468231738662196,0.30221285629920636,0.3031048263141716,1.99432440699435,979,5176,6586,979,267,979,0,1157,534,0,11303,8750,356,214375,196875,623,534,0,623,178,534,267,7579,360312,89,5785,2581,2848,0,0,445,4375,0,30714,8750,0,89,0,1513,0,0,0,267,267,0,8750,4375,8750,0,8750,8750,178,0,0,0,0,0,5429,0,0,0,4375,0,0,178,0,178,1068,178,0,178,0,0,0,623,0,0,89,89,0,0,178,0,0,0,0,0,0,0,0,0,0,0,0,0,0,0,0,0,0,0,979,0,0,0,0,0,0,0,0,0,0,0,0,0,0,0,0,0,0,0,0,0,0,89,0,0,0,0.049704677,0.046047394,0.057832344,0.122091405,0.156032293,0.173732959,0.143931538,0,0.772653083
2020-09-04,QCS01,51.70526749,-128.2383365,15.2354,31.0715,1.313875423567649e-5,1.2040300945936906,0.26727272727272733,2.4304,72,0.7338072965388219,0.0993391943926329,8.75021366432316,0.343127708481397,7,22,0.641565036796608,0.731119786717275,0.587101080900577,0.32736485926930536,0.37306104971487547,0.2995740910158192,2.22698421897609,444,10441,16761,0,0,1110,0,333,111,2442,3663,0,111,224000,189000,333,111,0,1998,1443,444,777,20771,14097,1332,15873,2664,3330,333,28000,777,7000,7000,21333,49000,0,666,0,3996,0,1221,0,0,1665,0,21000,0,7000,0,0,0,0,0,333,0,0,0,1554,444,0,0,7000,0,0,0,111,222,333,333,0,0,0,0,0,444,0,30000,1332,111,0,0,111,0,0,0,0,0,0,0,0,0,0,0,0,0,0,0,0,0,111,0,888,0,0,0,0,0,0,0,0,0,0,0,0,0,0,0,0,0,0,0,0,0,0,0,111,0,0,0.262617526,0.149425132,0.234814512,0.224093092,0.376585476,0.323776454,0.208186184,0.349568988,0.04568633
2020-09-05,DFO2,51.52092521,-127.5585285,10.0609,29.558,0.002035797059582216,10.027357819955,0.4932727272727273,0.556,81,1.3209572809479266,17.805808785261,30.6046116546347,1.52652771627923,2.5,21,0.264054979070115,0.287967241501693,0.224526282226251,0.3400366855626819,0.3708296912093574,0.28913362322796077,1.15473448505849,1200,25054,1560,0,120,520,0,0,0,1640,1080,0,160,143893,66113,0,120,40,760,960,320,7778,480,179968,320,1320,400,0,0,0,80,23334,0,7978,15556,160,120,0,640,0,0,0,0,0,0,0,0,0,0,0,7778,0,0,200,0,0,0,120,0,0,0,15556,0,0,0,0,0,0,0,0,0,0,0,0,0,0,3889,0,0,0,0,0,0,0,0,0,0,0,0,0,0,0,0,0,40,0,0,0,0,40,0,0,0,0,0,0,0,0,0,0,0,200,0,0,0,0,0,0,0,0,0,0,0,0,0,0,0,0,0.029971313,0.027712281,4.99337e-6,0.074860192,0.08511109,0.059116558,0.075090377,0,0.205607106
2020-09-07,KC10,51.6499346,-127.951632,12.1571,28.096800000000002,0.003959169436347428,6.06098973168821,0.44027272727272737,1.6964,78,1.723532896788276,NA,NA,NA,8,17,NA,NA,NA,NA,NA,NA,NA,NA,NA,NA,NA,NA,NA,NA,NA,NA,NA,NA,NA,NA,NA,NA,NA,NA,NA,NA,NA,NA,NA,NA,NA,NA,NA,NA,NA,NA,NA,NA,NA,NA,NA,NA,NA,NA,NA,NA,NA,NA,NA,NA,NA,NA,NA,NA,NA,NA,NA,NA,NA,NA,NA,NA,NA,NA,NA,NA,NA,NA,NA,NA,NA,NA,NA,NA,NA,NA,NA,NA,NA,NA,NA,NA,NA,NA,NA,NA,NA,NA,NA,NA,NA,NA,NA,NA,NA,NA,NA,NA,NA,NA,NA,NA,NA,NA,NA,NA,NA,NA,NA,NA,NA,NA,NA,NA,NA,NA,NA,NA,NA,NA,NA,NA,NA,NA,NA,NA,NA,NA,NA,NA,NA,NA,NA,NA,NA,NA,NA,NA,NA,NA,NA,NA,NA,NA
2020-10-01,KC10,51.64993177,-127.9514493,12.6735,26.971800000000002,0.0069723875924818345,4.838901653123685,0.29554545454545456,1.0408,106,2.5776052385406927,6.38517186438156,17.982764707025,0.691691231259367,8,17,NA,0.606248934593991,0.17484153285126,NA,NA,NA,2.0197522488011,999,5883,6771,2220,1110,222,0,222,222,4662,2997,0,1443,215000,190000,333,2775,222,4551,666,2886,333,5333,386400,555,4773,222,20200,2331,25000,555,666,4329,777,0,0,111,0,1554,0,0,0,444,444,0,5000,0,0,0,0,10000,222,444,444,111,0,111,0,0,0,0,5000,0,0,0,0,0,3330,1776,333,0,0,0,0,0,111,0,2220,111,1110,0,0,0,0,0,0,0,0,555,0,0,0,0,0,0,0,0,0,0,5217,0,0,0,222,0,111,0,0,0,0,0,0,0,0,0,0,0,0,0,0,222,0,0,0,0,0,0,0,0.029435679,0.045386813,0.04440914,0.143585666,0.104395988,0.189340485,0.3099944,0,0.998390863
2020-10-02,QCS01,51.70779664,-128.2387951,12.3062,30.6533,4.991039787507932e-4,2.2092817904115236,0.1935454545454547,1.0008,95,0.8476239476145938,11.6333885143548,23.0639106421807,1.11500204458786,8,27,1.27769451379946,NA,0.377415542855221,NA,NA,NA,1.97013576016648,444,5328,5180,148,0,148,0,74,148,1110,1332,0,518,80500,105000,1184,1110,370,2368,1998,1924,370,962,284152,0,4514,1036,2146,148,3500,148,962,0,7000,148,222,74,0,296,222,444,0,0,148,0,7000,0,3500,0,3500,10500,0,222,296,0,0,0,6586,2294,0,0,14000,0,0,1406,74,0,0,444,0,0,0,0,0,444,74,0,0,222,74,0,0,0,0,0,0,0,444,74,0,0,0,0,0,0,0,0,0,0,444,0,0,296,148,0,74,0,0,0,0,0,0,148,0,0,0,0,0,0,0,0,0,0,0,0,0,74,0,0.027839866,0.04789298,0.038082009,0.050482299,0.110850837,0.085060007000000007,0.149484648,0,0.306002527
2020-10-04,DFO2,51.5213752,-127.5579574,10.8132,29.8958,0.0016325579729298762,8.098266948041669,0.27254545454545465,0.3387,105,1.707474275023387,14.9696463630144,31.9338249231432,1.30157696142016,3,21,1.40861622707543,0.14100807302323,0.100932812908631,0.8534186523900114,0.08543059304765005,0.06115075456233858,2.194814316352,280,2508,1960,0,0,0,0,0,0,80,440,0,520,43760,98460,160,40,0,160,160,120,40,40,247200,0,1360,0,0,0,8752,80,2188,0,40,0,0,0,0,1040,0,0,0,0,0,0,4376,0,2188,0,8752,4376,0,0,120,0,0,40,0,0,0,0,6564,0,0,0,0,0,0,0,0,0,0,0,0,0,0,0,0,0,0,0,0,0,0,0,0,0,0,0,0,0,0,0,0,0,0,0,40,0,0,0,0,0,0,0,0,0,0,0,0,0,0,0,0,0,0,0,0,0,0,0,0,0,0,0,0,0,7068,0.005506636,0.027670164,0.030382131,0.122915228,0.100015511,0.074902457,0.132152793,0,0.718643
2020-11-04,KC10,51.65161618,-127.9515678,9.8445,28.2109,0.002513777469162919,6.442939269009798,0.4000999999999999,0.3658,107,3.1164203305269735,17.473112879695,33.1045164183671,1.3788189158661,10,NA,NA,NA,NA,NA,NA,NA,NA,120,3862,3400,0,0,40,0,0,0,80,200,0,560,95460,66822,160,440,0,480,200,560,200,3262,7202,40,2760,160,0,160,12728,80,3182,0,80,3222,0,0,0,40,0,0,0,0,0,0,3182,0,0,0,3182,3182,40,0,0,160,0,0,0,0,0,0,0,0,0,0,0,0,0,0,0,0,0,0,0,0,0,0,0,200,0,0,0,0,0,0,0,0,0,0,0,0,0,0,0,0,0,0,0,0,0,0,0,0,400,0,0,0,0,0,0,0,0,0,0,0,0,0,0,0,0,0,0,0,0,0,0,0,0,NA,NA,NA,NA,NA,NA,NA,NA,NA
2020-11-27,KC10,51.65058549,-127.9510603,8.8261,29.5195,4.2812625873084895e-4,2.2441912534720814,0.18608333333333335,0.2278,124,2.26983785469286,20.1340028006541,34.3624170091689,1.60463648428643,NA,NA,NA,NA,NA,NA,NA,NA,NA,160,5610,1040,0,0,40,0,0,0,0,80,0,320,10500,8750,40,0,0,280,80,80,120,200,280,0,720,160,0,0,0,0,5250,3500,1750,0,0,0,0,0,0,0,0,0,80,0,0,0,0,0,0,0,0,0,40,0,0,0,0,0,0,0,0,0,0,0,0,0,0,0,0,0,0,0,0,0,0,0,40,0,0,0,0,0,0,0,0,0,0,0,0,0,0,0,0,0,0,0,0,0,0,0,0,0,40,0,0,0,0,0,0,0,0,0,0,0,0,0,0,0,0,0,0,0,0,0,0,0,0,NA,NA,NA,NA,NA,NA,NA,NA,NA
2020-11-30,DFO2,51.52076751,-127.5586179,8.6209,24.9856,0.0038733752010987636,9.644049310605737,1.6510833333333337,0.1904,117,3.3198097910820086,16.4178337771223,32.8937653642605,1.25459875426326,NA,NA,NA,NA,NA,NA,NA,NA,NA,40,8830,240,0,0,40,0,40,0,0,40,0,80,1750,10500,120,80,0,40,40,160,40,1830,2920,0,160,80,0,0,1750,0,8750,0,0,0,0,0,0,0,0,0,0,0,0,0,0,0,0,0,1750,0,0,0,40,0,0,0,0,0,0,0,0,0,0,0,0,0,0,0,0,0,0,0,0,0,0,0,0,0,0,0,0,0,0,0,0,0,0,0,0,0,0,0,0,0,0,0,0,0,40,0,0,0,0,0,0,0,0,0,0,0,0,0,0,0,0,0,0,0,0,0,0,0,0,0,0,0,0,NA,NA,NA,NA,NA,NA,NA,NA,NA
